,Survived,Pclass,Sex,Age,SibSp,Parch,Fare,Embarked,Title,Senior,Family,Single,Small,Medium,Large
0,0.0,3,male,22.0,1,0,7.25,S,Mr,0,2,False,True,False,False
1,1.0,1,female,38.0,1,0,71.2833,C,Mrs,0,2,False,True,False,False
2,1.0,3,female,26.0,0,0,7.925,S,Miss,0,1,True,False,False,False
3,1.0,1,female,35.0,1,0,53.1,S,Mrs,0,2,False,True,False,False
4,0.0,3,male,35.0,0,0,8.05,S,Mr,0,1,True,False,False,False
5,0.0,3,male,30.0,0,0,8.4583,Q,Mr,0,1,True,False,False,False
6,0.0,1,male,54.0,0,0,51.8625,S,Mr,0,1,True,False,False,False
7,0.0,3,male,2.0,3,1,21.075,S,Master,0,5,False,False,True,False
8,1.0,3,female,27.0,0,2,11.1333,S,Mrs,0,3,False,True,False,False
9,1.0,2,female,14.0,1,0,30.0708,C,Mrs,0,2,False,True,False,False
10,1.0,3,female,4.0,1,1,16.7,S,Miss,0,3,False,True,False,False
11,1.0,1,female,58.0,0,0,26.55,S,Miss,0,1,True,False,False,False
12,0.0,3,male,20.0,0,0,8.05,S,Mr,0,1,True,False,False,False
13,0.0,3,male,39.0,1,5,31.275,S,Mr,0,7,False,False,False,True
14,0.0,3,female,14.0,0,0,7.8542,S,Miss,0,1,True,False,False,False
15,1.0,2,female,55.0,0,0,16.0,S,Mrs,0,1,True,False,False,False
16,0.0,3,male,2.0,4,1,29.125,Q,Master,0,6,False,False,True,False
17,1.0,2,male,30.0,0,0,13.0,S,Mr,0,1,True,False,False,False
18,0.0,3,female,31.0,1,0,18.0,S,Mrs,0,2,False,True,False,False
19,1.0,3,female,35.5,0,0,7.225,C,Mrs,0,1,True,False,False,False
20,0.0,2,male,35.0,0,0,26.0,S,Mr,0,1,True,False,False,False
21,1.0,2,male,34.0,0,0,13.0,S,Mr,0,1,True,False,False,False
22,1.0,3,female,15.0,0,0,8.0292,Q,Miss,0,1,True,False,False,False
23,1.0,1,male,28.0,0,0,35.5,S,Mr,0,1,True,False,False,False
24,0.0,3,female,8.0,3,1,21.075,S,Miss,0,5,False,False,True,False
25,1.0,3,female,38.0,1,5,31.3875,S,Mrs,0,7,False,False,False,True
26,0.0,3,male,30.0,0,0,7.225,C,Mr,0,1,True,False,False,False
27,0.0,1,male,19.0,3,2,263.0,S,Mr,0,6,False,False,True,False
28,1.0,3,female,22.0,0,0,7.8792,Q,Miss,0,1,True,False,False,False
29,0.0,3,male,30.0,0,0,7.8958,S,Mr,0,1,True,False,False,False
30,0.0,1,male,40.0,0,0,27.7208,C,Mr,0,1,True,False,False,False
31,1.0,1,female,35.5,1,0,146.5208,C,Mrs,0,2,False,True,False,False
32,1.0,3,female,22.0,0,0,7.75,Q,Miss,0,1,True,False,False,False
33,0.0,2,male,66.0,0,0,10.5,S,Mr,0,1,True,False,False,False
34,0.0,1,male,28.0,1,0,82.1708,C,Mr,0,2,False,True,False,False
35,0.0,1,male,42.0,1,0,52.0,S,Mr,0,2,False,True,False,False
36,1.0,3,male,30.0,0,0,7.2292,C,Mr,0,1,True,False,False,False
37,0.0,3,male,21.0,0,0,8.05,S,Mr,0,1,True,False,False,False
38,0.0,3,female,18.0,2,0,18.0,S,Miss,0,3,False,True,False,False
39,1.0,3,female,14.0,1,0,11.2417,C,Miss,0,2,False,True,False,False
40,0.0,3,female,40.0,1,0,9.475,S,Mrs,0,2,False,True,False,False
41,0.0,2,female,27.0,1,0,21.0,S,Mrs,0,2,False,True,False,False
42,0.0,3,male,30.0,0,0,7.8958,C,Mr,0,1,True,False,False,False
43,1.0,2,female,3.0,1,2,41.5792,C,Miss,0,4,False,True,False,False
44,1.0,3,female,19.0,0,0,7.8792,Q,Miss,0,1,True,False,False,False
45,0.0,3,male,30.0,0,0,8.05,S,Mr,0,1,True,False,False,False
46,0.0,3,male,30.0,1,0,15.5,Q,Mr,0,2,False,True,False,False
47,1.0,3,female,22.0,0,0,7.75,Q,Miss,0,1,True,False,False,False
48,0.0,3,male,30.0,2,0,21.6792,C,Mr,0,3,False,True,False,False
49,0.0,3,female,18.0,1,0,17.8,S,Mrs,0,2,False,True,False,False
50,0.0,3,male,7.0,4,1,39.6875,S,Master,0,6,False,False,True,False
51,0.0,3,male,21.0,0,0,7.8,S,Mr,0,1,True,False,False,False
52,1.0,1,female,49.0,1,0,76.7292,C,Mrs,0,2,False,True,False,False
53,1.0,2,female,29.0,1,0,26.0,S,Mrs,0,2,False,True,False,False
54,0.0,1,male,65.0,0,1,61.9792,C,Mr,0,2,False,True,False,False
55,1.0,1,male,30.0,0,0,35.5,S,Mr,0,1,True,False,False,False
56,1.0,2,female,21.0,0,0,10.5,S,Miss,0,1,True,False,False,False
57,0.0,3,male,28.5,0,0,7.2292,C,Mr,0,1,True,False,False,False
58,1.0,2,female,5.0,1,2,27.75,S,Miss,0,4,False,True,False,False
59,0.0,3,male,11.0,5,2,46.9,S,Master,0,8,False,False,False,True
60,0.0,3,male,22.0,0,0,7.2292,C,Mr,0,1,True,False,False,False
61,1.0,1,female,38.0,0,0,80.0,S,Miss,0,1,True,False,False,False
62,0.0,1,male,45.0,1,0,83.475,S,Mr,0,2,False,True,False,False
63,0.0,3,male,4.0,3,2,27.9,S,Master,0,6,False,False,True,False
64,0.0,1,male,30.0,0,0,27.7208,C,Mr,0,1,True,False,False,False
65,1.0,3,male,4.0,1,1,15.2458,C,Master,0,3,False,True,False,False
66,1.0,2,female,29.0,0,0,10.5,S,Mrs,0,1,True,False,False,False
67,0.0,3,male,19.0,0,0,8.1583,S,Mr,0,1,True,False,False,False
68,1.0,3,female,17.0,4,2,7.925,S,Miss,0,7,False,False,False,True
69,0.0,3,male,26.0,2,0,8.6625,S,Mr,0,3,False,True,False,False
70,0.0,2,male,32.0,0,0,10.5,S,Mr,0,1,True,False,False,False
71,0.0,3,female,16.0,5,2,46.9,S,Miss,0,8,False,False,False,True
72,0.0,2,male,21.0,0,0,73.5,S,Mr,0,1,True,False,False,False
73,0.0,3,male,26.0,1,0,14.4542,C,Mr,0,2,False,True,False,False
74,1.0,3,male,32.0,0,0,56.4958,S,Mr,0,1,True,False,False,False
75,0.0,3,male,25.0,0,0,7.65,S,Mr,0,1,True,False,False,False
76,0.0,3,male,30.0,0,0,7.8958,S,Mr,0,1,True,False,False,False
77,0.0,3,male,30.0,0,0,8.05,S,Mr,0,1,True,False,False,False
78,1.0,2,male,0.83,0,2,29.0,S,Master,0,3,False,True,False,False
79,1.0,3,female,30.0,0,0,12.475,S,Miss,0,1,True,False,False,False
80,0.0,3,male,22.0,0,0,9.0,S,Mr,0,1,True,False,False,False
81,1.0,3,male,29.0,0,0,9.5,S,Mr,0,1,True,False,False,False
82,1.0,3,female,22.0,0,0,7.7875,Q,Miss,0,1,True,False,False,False
83,0.0,1,male,28.0,0,0,47.1,S,Mr,0,1,True,False,False,False
84,1.0,2,female,17.0,0,0,10.5,S,Miss,0,1,True,False,False,False
85,1.0,3,female,33.0,3,0,15.85,S,Mrs,0,4,False,True,False,False
86,0.0,3,male,16.0,1,3,34.375,S,Mr,0,5,False,False,True,False
87,0.0,3,male,30.0,0,0,8.05,S,Mr,0,1,True,False,False,False
88,1.0,1,female,23.0,3,2,263.0,S,Miss,0,6,False,False,True,False
89,0.0,3,male,24.0,0,0,8.05,S,Mr,0,1,True,False,False,False
90,0.0,3,male,29.0,0,0,8.05,S,Mr,0,1,True,False,False,False
91,0.0,3,male,20.0,0,0,7.8542,S,Mr,0,1,True,False,False,False
92,0.0,1,male,46.0,1,0,61.175,S,Mr,0,2,False,True,False,False
93,0.0,3,male,26.0,1,2,20.575,S,Mr,0,4,False,True,False,False
94,0.0,3,male,59.0,0,0,7.25,S,Mr,0,1,True,False,False,False
95,0.0,3,male,30.0,0,0,8.05,S,Mr,0,1,True,False,False,False
96,0.0,1,male,71.0,0,0,34.6542,C,Mr,1,1,True,False,False,False
97,1.0,1,male,23.0,0,1,63.3583,C,Mr,0,2,False,True,False,False
98,1.0,2,female,34.0,0,1,23.0,S,Mrs,0,2,False,True,False,False
99,0.0,2,male,34.0,1,0,26.0,S,Mr,0,2,False,True,False,False
100,0.0,3,female,28.0,0,0,7.8958,S,Miss,0,1,True,False,False,False
101,0.0,3,male,30.0,0,0,7.8958,S,Mr,0,1,True,False,False,False
102,0.0,1,male,21.0,0,1,77.2875,S,Mr,0,2,False,True,False,False
103,0.0,3,male,33.0,0,0,8.6542,S,Mr,0,1,True,False,False,False
104,0.0,3,male,37.0,2,0,7.925,S,Mr,0,3,False,True,False,False
105,0.0,3,male,28.0,0,0,7.8958,S,Mr,0,1,True,False,False,False
106,1.0,3,female,21.0,0,0,7.65,S,Miss,0,1,True,False,False,False
107,1.0,3,male,30.0,0,0,7.775,S,Mr,0,1,True,False,False,False
108,0.0,3,male,38.0,0,0,7.8958,S,Mr,0,1,True,False,False,False
109,1.0,3,female,22.0,1,0,24.15,Q,Miss,0,2,False,True,False,False
110,0.0,1,male,47.0,0,0,52.0,S,Mr,0,1,True,False,False,False
111,0.0,3,female,14.5,1,0,14.4542,C,Miss,0,2,False,True,False,False
112,0.0,3,male,22.0,0,0,8.05,S,Mr,0,1,True,False,False,False
113,0.0,3,female,20.0,1,0,9.825,S,Miss,0,2,False,True,False,False
114,0.0,3,female,17.0,0,0,14.4583,C,Miss,0,1,True,False,False,False
115,0.0,3,male,21.0,0,0,7.925,S,Mr,0,1,True,False,False,False
116,0.0,3,male,70.5,0,0,7.75,Q,Mr,1,1,True,False,False,False
117,0.0,2,male,29.0,1,0,21.0,S,Mr,0,2,False,True,False,False
118,0.0,1,male,24.0,0,1,247.5208,C,Mr,0,2,False,True,False,False
119,0.0,3,female,2.0,4,2,31.275,S,Miss,0,7,False,False,False,True
120,0.0,2,male,21.0,2,0,73.5,S,Mr,0,3,False,True,False,False
121,0.0,3,male,30.0,0,0,8.05,S,Mr,0,1,True,False,False,False
122,0.0,2,male,32.5,1,0,30.0708,C,Mr,0,2,False,True,False,False
123,1.0,2,female,32.5,0,0,13.0,S,Miss,0,1,True,False,False,False
124,0.0,1,male,54.0,0,1,77.2875,S,Mr,0,2,False,True,False,False
125,1.0,3,male,12.0,1,0,11.2417,C,Master,0,2,False,True,False,False
126,0.0,3,male,30.0,0,0,7.75,Q,Mr,0,1,True,False,False,False
127,1.0,3,male,24.0,0,0,7.1417,S,Mr,0,1,True,False,False,False
128,1.0,3,female,22.0,1,1,22.3583,C,Miss,0,3,False,True,False,False
129,0.0,3,male,45.0,0,0,6.975,S,Mr,0,1,True,False,False,False
130,0.0,3,male,33.0,0,0,7.8958,C,Mr,0,1,True,False,False,False
131,0.0,3,male,20.0,0,0,7.05,S,Mr,0,1,True,False,False,False
132,0.0,3,female,47.0,1,0,14.5,S,Mrs,0,2,False,True,False,False
133,1.0,2,female,29.0,1,0,26.0,S,Mrs,0,2,False,True,False,False
134,0.0,2,male,25.0,0,0,13.0,S,Mr,0,1,True,False,False,False
135,0.0,2,male,23.0,0,0,15.0458,C,Mr,0,1,True,False,False,False
136,1.0,1,female,19.0,0,2,26.2833,S,Miss,0,3,False,True,False,False
137,0.0,1,male,37.0,1,0,53.1,S,Mr,0,2,False,True,False,False
138,0.0,3,male,16.0,0,0,9.2167,S,Mr,0,1,True,False,False,False
139,0.0,1,male,24.0,0,0,79.2,C,Mr,0,1,True,False,False,False
140,0.0,3,female,35.5,0,2,15.2458,C,Mrs,0,3,False,True,False,False
141,1.0,3,female,22.0,0,0,7.75,S,Miss,0,1,True,False,False,False
142,1.0,3,female,24.0,1,0,15.85,S,Mrs,0,2,False,True,False,False
143,0.0,3,male,19.0,0,0,6.75,Q,Mr,0,1,True,False,False,False
144,0.0,2,male,18.0,0,0,11.5,S,Mr,0,1,True,False,False,False
145,0.0,2,male,19.0,1,1,36.75,S,Mr,0,3,False,True,False,False
146,1.0,3,male,27.0,0,0,7.7958,S,Mr,0,1,True,False,False,False
147,0.0,3,female,9.0,2,2,34.375,S,Miss,0,5,False,False,True,False
148,0.0,2,male,36.5,0,2,26.0,S,Mr,0,3,False,True,False,False
149,0.0,2,male,42.0,0,0,13.0,S,Mr,0,1,True,False,False,False
150,0.0,2,male,51.0,0,0,12.525,S,Mr,0,1,True,False,False,False
151,1.0,1,female,22.0,1,0,66.6,S,Mrs,0,2,False,True,False,False
152,0.0,3,male,55.5,0,0,8.05,S,Mr,0,1,True,False,False,False
153,0.0,3,male,40.5,0,2,14.5,S,Mr,0,3,False,True,False,False
154,0.0,3,male,30.0,0,0,7.3125,S,Mr,0,1,True,False,False,False
155,0.0,1,male,51.0,0,1,61.3792,C,Mr,0,2,False,True,False,False
156,1.0,3,female,16.0,0,0,7.7333,Q,Miss,0,1,True,False,False,False
157,0.0,3,male,30.0,0,0,8.05,S,Mr,0,1,True,False,False,False
158,0.0,3,male,30.0,0,0,8.6625,S,Mr,0,1,True,False,False,False
159,0.0,3,male,4.0,8,2,69.55,S,Master,0,11,False,False,False,True
160,0.0,3,male,44.0,0,1,16.1,S,Mr,0,2,False,True,False,False
161,1.0,2,female,40.0,0,0,15.75,S,Mrs,0,1,True,False,False,False
162,0.0,3,male,26.0,0,0,7.775,S,Mr,0,1,True,False,False,False
163,0.0,3,male,17.0,0,0,8.6625,S,Mr,0,1,True,False,False,False
164,0.0,3,male,1.0,4,1,39.6875,S,Master,0,6,False,False,True,False
165,1.0,3,male,9.0,0,2,20.525,S,Master,0,3,False,True,False,False
166,1.0,1,female,35.5,0,1,55.0,S,Mrs,0,2,False,True,False,False
167,0.0,3,female,45.0,1,4,27.9,S,Mrs,0,6,False,False,True,False
168,0.0,1,male,30.0,0,0,25.925,S,Mr,0,1,True,False,False,False
169,0.0,3,male,28.0,0,0,56.4958,S,Mr,0,1,True,False,False,False
170,0.0,1,male,61.0,0,0,33.5,S,Mr,0,1,True,False,False,False
171,0.0,3,male,4.0,4,1,29.125,Q,Master,0,6,False,False,True,False
172,1.0,3,female,1.0,1,1,11.1333,S,Miss,0,3,False,True,False,False
173,0.0,3,male,21.0,0,0,7.925,S,Mr,0,1,True,False,False,False
174,0.0,1,male,56.0,0,0,30.6958,C,Mr,0,1,True,False,False,False
175,0.0,3,male,18.0,1,1,7.8542,S,Mr,0,3,False,True,False,False
176,0.0,3,male,4.0,3,1,25.4667,S,Master,0,5,False,False,True,False
177,0.0,1,female,50.0,0,0,28.7125,C,Miss,0,1,True,False,False,False
178,0.0,2,male,30.0,0,0,13.0,S,Mr,0,1,True,False,False,False
179,0.0,3,male,36.0,0,0,0.0,S,Mr,0,1,True,False,False,False
180,0.0,3,female,22.0,8,2,69.55,S,Miss,0,11,False,False,False,True
181,0.0,2,male,30.0,0,0,15.05,C,Mr,0,1,True,False,False,False
182,0.0,3,male,9.0,4,2,31.3875,S,Master,0,7,False,False,False,True
183,1.0,2,male,1.0,2,1,39.0,S,Master,0,4,False,True,False,False
184,1.0,3,female,4.0,0,2,22.025,S,Miss,0,3,False,True,False,False
185,0.0,1,male,30.0,0,0,50.0,S,Mr,0,1,True,False,False,False
186,1.0,3,female,35.5,1,0,15.5,Q,Mrs,0,2,False,True,False,False
187,1.0,1,male,45.0,0,0,26.55,S,Mr,0,1,True,False,False,False
188,0.0,3,male,40.0,1,1,15.5,Q,Mr,0,3,False,True,False,False
189,0.0,3,male,36.0,0,0,7.8958,S,Mr,0,1,True,False,False,False
190,1.0,2,female,32.0,0,0,13.0,S,Mrs,0,1,True,False,False,False
191,0.0,2,male,19.0,0,0,13.0,S,Mr,0,1,True,False,False,False
192,1.0,3,female,19.0,1,0,7.8542,S,Miss,0,2,False,True,False,False
193,1.0,2,male,3.0,1,1,26.0,S,Master,0,3,False,True,False,False
194,1.0,1,female,44.0,0,0,27.7208,C,Mrs,0,1,True,False,False,False
195,1.0,1,female,58.0,0,0,146.5208,C,Miss,0,1,True,False,False,False
196,0.0,3,male,30.0,0,0,7.75,Q,Mr,0,1,True,False,False,False
197,0.0,3,male,42.0,0,1,8.4042,S,Mr,0,2,False,True,False,False
198,1.0,3,female,22.0,0,0,7.75,Q,Miss,0,1,True,False,False,False
199,0.0,2,female,24.0,0,0,13.0,S,Miss,0,1,True,False,False,False
200,0.0,3,male,28.0,0,0,9.5,S,Mr,0,1,True,False,False,False
201,0.0,3,male,30.0,8,2,69.55,S,Mr,0,11,False,False,False,True
202,0.0,3,male,34.0,0,0,6.4958,S,Mr,0,1,True,False,False,False
203,0.0,3,male,45.5,0,0,7.225,C,Mr,0,1,True,False,False,False
204,1.0,3,male,18.0,0,0,8.05,S,Mr,0,1,True,False,False,False
205,0.0,3,female,2.0,0,1,10.4625,S,Miss,0,2,False,True,False,False
206,0.0,3,male,32.0,1,0,15.85,S,Mr,0,2,False,True,False,False
207,1.0,3,male,26.0,0,0,18.7875,C,Mr,0,1,True,False,False,False
208,1.0,3,female,16.0,0,0,7.75,Q,Miss,0,1,True,False,False,False
209,1.0,1,male,40.0,0,0,31.0,C,Mr,0,1,True,False,False,False
210,0.0,3,male,24.0,0,0,7.05,S,Mr,0,1,True,False,False,False
211,1.0,2,female,35.0,0,0,21.0,S,Miss,0,1,True,False,False,False
212,0.0,3,male,22.0,0,0,7.25,S,Mr,0,1,True,False,False,False
213,0.0,2,male,30.0,0,0,13.0,S,Mr,0,1,True,False,False,False
214,0.0,3,male,30.0,1,0,7.75,Q,Mr,0,2,False,True,False,False
215,1.0,1,female,31.0,1,0,113.275,C,Miss,0,2,False,True,False,False
216,1.0,3,female,27.0,0,0,7.925,S,Miss,0,1,True,False,False,False
217,0.0,2,male,42.0,1,0,27.0,S,Mr,0,2,False,True,False,False
218,1.0,1,female,32.0,0,0,76.2917,C,Miss,0,1,True,False,False,False
219,0.0,2,male,30.0,0,0,10.5,S,Mr,0,1,True,False,False,False
220,1.0,3,male,16.0,0,0,8.05,S,Mr,0,1,True,False,False,False
221,0.0,2,male,27.0,0,0,13.0,S,Mr,0,1,True,False,False,False
222,0.0,3,male,51.0,0,0,8.05,S,Mr,0,1,True,False,False,False
223,0.0,3,male,30.0,0,0,7.8958,S,Mr,0,1,True,False,False,False
224,1.0,1,male,38.0,1,0,90.0,S,Mr,0,2,False,True,False,False
225,0.0,3,male,22.0,0,0,9.35,S,Mr,0,1,True,False,False,False
226,1.0,2,male,19.0,0,0,10.5,S,Mr,0,1,True,False,False,False
227,0.0,3,male,20.5,0,0,7.25,S,Mr,0,1,True,False,False,False
228,0.0,2,male,18.0,0,0,13.0,S,Mr,0,1,True,False,False,False
229,0.0,3,female,22.0,3,1,25.4667,S,Miss,0,5,False,False,True,False
230,1.0,1,female,35.0,1,0,83.475,S,Mrs,0,2,False,True,False,False
231,0.0,3,male,29.0,0,0,7.775,S,Mr,0,1,True,False,False,False
232,0.0,2,male,59.0,0,0,13.5,S,Mr,0,1,True,False,False,False
233,1.0,3,female,5.0,4,2,31.3875,S,Miss,0,7,False,False,False,True
234,0.0,2,male,24.0,0,0,10.5,S,Mr,0,1,True,False,False,False
235,0.0,3,female,22.0,0,0,7.55,S,Miss,0,1,True,False,False,False
236,0.0,2,male,44.0,1,0,26.0,S,Mr,0,2,False,True,False,False
237,1.0,2,female,8.0,0,2,26.25,S,Miss,0,3,False,True,False,False
238,0.0,2,male,19.0,0,0,10.5,S,Mr,0,1,True,False,False,False
239,0.0,2,male,33.0,0,0,12.275,S,Mr,0,1,True,False,False,False
240,0.0,3,female,22.0,1,0,14.4542,C,Miss,0,2,False,True,False,False
241,1.0,3,female,22.0,1,0,15.5,Q,Miss,0,2,False,True,False,False
242,0.0,2,male,29.0,0,0,10.5,S,Mr,0,1,True,False,False,False
243,0.0,3,male,22.0,0,0,7.125,S,Mr,0,1,True,False,False,False
244,0.0,3,male,30.0,0,0,7.225,C,Mr,0,1,True,False,False,False
245,0.0,1,male,44.0,2,0,90.0,Q,Mr,0,3,False,True,False,False
246,0.0,3,female,25.0,0,0,7.775,S,Miss,0,1,True,False,False,False
247,1.0,2,female,24.0,0,2,14.5,S,Mrs,0,3,False,True,False,False
248,1.0,1,male,37.0,1,1,52.5542,S,Mr,0,3,False,True,False,False
249,0.0,2,male,54.0,1,0,26.0,S,Mr,0,2,False,True,False,False
250,0.0,3,male,30.0,0,0,7.25,S,Mr,0,1,True,False,False,False
251,0.0,3,female,29.0,1,1,10.4625,S,Mrs,0,3,False,True,False,False
252,0.0,1,male,62.0,0,0,26.55,S,Mr,0,1,True,False,False,False
253,0.0,3,male,30.0,1,0,16.1,S,Mr,0,2,False,True,False,False
254,0.0,3,female,41.0,0,2,20.2125,S,Mrs,0,3,False,True,False,False
255,1.0,3,female,29.0,0,2,15.2458,C,Mrs,0,3,False,True,False,False
256,1.0,1,female,35.5,0,0,79.2,C,Mrs,0,1,True,False,False,False
257,1.0,1,female,30.0,0,0,86.5,S,Miss,0,1,True,False,False,False
258,1.0,1,female,35.0,0,0,512.3292,C,Miss,0,1,True,False,False,False
259,1.0,2,female,50.0,0,1,26.0,S,Mrs,0,2,False,True,False,False
260,0.0,3,male,30.0,0,0,7.75,Q,Mr,0,1,True,False,False,False
261,1.0,3,male,3.0,4,2,31.3875,S,Master,0,7,False,False,False,True
262,0.0,1,male,52.0,1,1,79.65,S,Mr,0,3,False,True,False,False
263,0.0,1,male,40.0,0,0,0.0,S,Mr,0,1,True,False,False,False
264,0.0,3,female,22.0,0,0,7.75,Q,Miss,0,1,True,False,False,False
265,0.0,2,male,36.0,0,0,10.5,S,Mr,0,1,True,False,False,False
266,0.0,3,male,16.0,4,1,39.6875,S,Mr,0,6,False,False,True,False
267,1.0,3,male,25.0,1,0,7.775,S,Mr,0,2,False,True,False,False
268,1.0,1,female,58.0,0,1,153.4625,S,Mrs,0,2,False,True,False,False
269,1.0,1,female,35.0,0,0,135.6333,S,Miss,0,1,True,False,False,False
270,0.0,1,male,30.0,0,0,31.0,S,Mr,0,1,True,False,False,False
271,1.0,3,male,25.0,0,0,0.0,S,Mr,0,1,True,False,False,False
272,1.0,2,female,41.0,0,1,19.5,S,Mrs,0,2,False,True,False,False
273,0.0,1,male,37.0,0,1,29.7,C,Mr,0,2,False,True,False,False
274,1.0,3,female,22.0,0,0,7.75,Q,Miss,0,1,True,False,False,False
275,1.0,1,female,63.0,1,0,77.9583,S,Miss,0,2,False,True,False,False
276,0.0,3,female,45.0,0,0,7.75,S,Miss,0,1,True,False,False,False
277,0.0,2,male,30.0,0,0,0.0,S,Mr,0,1,True,False,False,False
278,0.0,3,male,7.0,4,1,29.125,Q,Master,0,6,False,False,True,False
279,1.0,3,female,35.0,1,1,20.25,S,Mrs,0,3,False,True,False,False
280,0.0,3,male,65.0,0,0,7.75,Q,Mr,0,1,True,False,False,False
281,0.0,3,male,28.0,0,0,7.8542,S,Mr,0,1,True,False,False,False
282,0.0,3,male,16.0,0,0,9.5,S,Mr,0,1,True,False,False,False
283,1.0,3,male,19.0,0,0,8.05,S,Mr,0,1,True,False,False,False
284,0.0,1,male,30.0,0,0,26.0,S,Mr,0,1,True,False,False,False
285,0.0,3,male,33.0,0,0,8.6625,C,Mr,0,1,True,False,False,False
286,1.0,3,male,30.0,0,0,9.5,S,Mr,0,1,True,False,False,False
287,0.0,3,male,22.0,0,0,7.8958,S,Mr,0,1,True,False,False,False
288,1.0,2,male,42.0,0,0,13.0,S,Mr,0,1,True,False,False,False
289,1.0,3,female,22.0,0,0,7.75,Q,Miss,0,1,True,False,False,False
290,1.0,1,female,26.0,0,0,78.85,S,Miss,0,1,True,False,False,False
291,1.0,1,female,19.0,1,0,91.0792,C,Mrs,0,2,False,True,False,False
292,0.0,2,male,36.0,0,0,12.875,C,Mr,0,1,True,False,False,False
293,0.0,3,female,24.0,0,0,8.85,S,Miss,0,1,True,False,False,False
294,0.0,3,male,24.0,0,0,7.8958,S,Mr,0,1,True,False,False,False
295,0.0,1,male,30.0,0,0,27.7208,C,Mr,0,1,True,False,False,False
296,0.0,3,male,23.5,0,0,7.2292,C,Mr,0,1,True,False,False,False
297,0.0,1,female,2.0,1,2,151.55,S,Miss,0,4,False,True,False,False
298,1.0,1,male,30.0,0,0,30.5,S,Mr,0,1,True,False,False,False
299,1.0,1,female,50.0,0,1,247.5208,C,Mrs,0,2,False,True,False,False
300,1.0,3,female,22.0,0,0,7.75,Q,Miss,0,1,True,False,False,False
301,1.0,3,male,30.0,2,0,23.25,Q,Mr,0,3,False,True,False,False
302,0.0,3,male,19.0,0,0,0.0,S,Mr,0,1,True,False,False,False
303,1.0,2,female,22.0,0,0,12.35,Q,Miss,0,1,True,False,False,False
304,0.0,3,male,30.0,0,0,8.05,S,Mr,0,1,True,False,False,False
305,1.0,1,male,0.92,1,2,151.55,S,Master,0,4,False,True,False,False
306,1.0,1,female,22.0,0,0,110.8833,C,Miss,0,1,True,False,False,False
307,1.0,1,female,17.0,1,0,108.9,C,Mrs,0,2,False,True,False,False
308,0.0,2,male,30.0,1,0,24.0,C,Mr,0,2,False,True,False,False
309,1.0,1,female,30.0,0,0,56.9292,C,Miss,0,1,True,False,False,False
310,1.0,1,female,24.0,0,0,83.1583,C,Miss,0,1,True,False,False,False
311,1.0,1,female,18.0,2,2,262.375,C,Miss,0,5,False,False,True,False
312,0.0,2,female,26.0,1,1,26.0,S,Mrs,0,3,False,True,False,False
313,0.0,3,male,28.0,0,0,7.8958,S,Mr,0,1,True,False,False,False
314,0.0,2,male,43.0,1,1,26.25,S,Mr,0,3,False,True,False,False
315,1.0,3,female,26.0,0,0,7.8542,S,Miss,0,1,True,False,False,False
316,1.0,2,female,24.0,1,0,26.0,S,Mrs,0,2,False,True,False,False
317,0.0,2,male,54.0,0,0,14.0,S,Mr,0,1,True,False,False,False
318,1.0,1,female,31.0,0,2,164.8667,S,Miss,0,3,False,True,False,False
319,1.0,1,female,40.0,1,1,134.5,C,Mrs,0,3,False,True,False,False
320,0.0,3,male,22.0,0,0,7.25,S,Mr,0,1,True,False,False,False
321,0.0,3,male,27.0,0,0,7.8958,S,Mr,0,1,True,False,False,False
322,1.0,2,female,30.0,0,0,12.35,Q,Miss,0,1,True,False,False,False
323,1.0,2,female,22.0,1,1,29.0,S,Mrs,0,3,False,True,False,False
324,0.0,3,male,30.0,8,2,69.55,S,Mr,0,11,False,False,False,True
325,1.0,1,female,36.0,0,0,135.6333,C,Miss,0,1,True,False,False,False
326,0.0,3,male,61.0,0,0,6.2375,S,Mr,0,1,True,False,False,False
327,1.0,2,female,36.0,0,0,13.0,S,Mrs,0,1,True,False,False,False
328,1.0,3,female,31.0,1,1,20.525,S,Mrs,0,3,False,True,False,False
329,1.0,1,female,16.0,0,1,57.9792,C,Miss,0,2,False,True,False,False
330,1.0,3,female,22.0,2,0,23.25,Q,Miss,0,3,False,True,False,False
331,0.0,1,male,45.5,0,0,28.5,S,Mr,0,1,True,False,False,False
332,0.0,1,male,38.0,0,1,153.4625,S,Mr,0,2,False,True,False,False
333,0.0,3,male,16.0,2,0,18.0,S,Mr,0,3,False,True,False,False
334,1.0,1,female,35.5,1,0,133.65,S,Mrs,0,2,False,True,False,False
335,0.0,3,male,30.0,0,0,7.8958,S,Mr,0,1,True,False,False,False
336,0.0,1,male,29.0,1,0,66.6,S,Mr,0,2,False,True,False,False
337,1.0,1,female,41.0,0,0,134.5,C,Miss,0,1,True,False,False,False
338,1.0,3,male,45.0,0,0,8.05,S,Mr,0,1,True,False,False,False
339,0.0,1,male,45.0,0,0,35.5,S,Mr,0,1,True,False,False,False
340,1.0,2,male,2.0,1,1,26.0,S,Master,0,3,False,True,False,False
341,1.0,1,female,24.0,3,2,263.0,S,Miss,0,6,False,False,True,False
342,0.0,2,male,28.0,0,0,13.0,S,Mr,0,1,True,False,False,False
343,0.0,2,male,25.0,0,0,13.0,S,Mr,0,1,True,False,False,False
344,0.0,2,male,36.0,0,0,13.0,S,Mr,0,1,True,False,False,False
345,1.0,2,female,24.0,0,0,13.0,S,Miss,0,1,True,False,False,False
346,1.0,2,female,40.0,0,0,13.0,S,Miss,0,1,True,False,False,False
347,1.0,3,female,35.5,1,0,16.1,S,Mrs,0,2,False,True,False,False
348,1.0,3,male,3.0,1,1,15.9,S,Master,0,3,False,True,False,False
349,0.0,3,male,42.0,0,0,8.6625,S,Mr,0,1,True,False,False,False
350,0.0,3,male,23.0,0,0,9.225,S,Mr,0,1,True,False,False,False
351,0.0,1,male,30.0,0,0,35.0,S,Mr,0,1,True,False,False,False
352,0.0,3,male,15.0,1,1,7.2292,C,Mr,0,3,False,True,False,False
353,0.0,3,male,25.0,1,0,17.8,S,Mr,0,2,False,True,False,False
354,0.0,3,male,30.0,0,0,7.225,C,Mr,0,1,True,False,False,False
355,0.0,3,male,28.0,0,0,9.5,S,Mr,0,1,True,False,False,False
356,1.0,1,female,22.0,0,1,55.0,S,Miss,0,2,False,True,False,False
357,0.0,2,female,38.0,0,0,13.0,S,Miss,0,1,True,False,False,False
358,1.0,3,female,22.0,0,0,7.8792,Q,Miss,0,1,True,False,False,False
359,1.0,3,female,22.0,0,0,7.8792,Q,Miss,0,1,True,False,False,False
360,0.0,3,male,40.0,1,4,27.9,S,Mr,0,6,False,False,True,False
361,0.0,2,male,29.0,1,0,27.7208,C,Mr,0,2,False,True,False,False
362,0.0,3,female,45.0,0,1,14.4542,C,Mrs,0,2,False,True,False,False
363,0.0,3,male,35.0,0,0,7.05,S,Mr,0,1,True,False,False,False
364,0.0,3,male,30.0,1,0,15.5,Q,Mr,0,2,False,True,False,False
365,0.0,3,male,30.0,0,0,7.25,S,Mr,0,1,True,False,False,False
366,1.0,1,female,60.0,1,0,75.25,C,Mrs,0,2,False,True,False,False
367,1.0,3,female,35.5,0,0,7.2292,C,Mrs,0,1,True,False,False,False
368,1.0,3,female,22.0,0,0,7.75,Q,Miss,0,1,True,False,False,False
369,1.0,1,female,24.0,0,0,69.3,C,Mrs,0,1,True,False,False,False
370,1.0,1,male,25.0,1,0,55.4417,C,Mr,0,2,False,True,False,False
371,0.0,3,male,18.0,1,0,6.4958,S,Mr,0,2,False,True,False,False
372,0.0,3,male,19.0,0,0,8.05,S,Mr,0,1,True,False,False,False
373,0.0,1,male,22.0,0,0,135.6333,C,Mr,0,1,True,False,False,False
374,0.0,3,female,3.0,3,1,21.075,S,Miss,0,5,False,False,True,False
375,1.0,1,female,35.5,1,0,82.1708,C,Mrs,0,2,False,True,False,False
376,1.0,3,female,22.0,0,0,7.25,S,Miss,0,1,True,False,False,False
377,0.0,1,male,27.0,0,2,211.5,C,Mr,0,3,False,True,False,False
378,0.0,3,male,20.0,0,0,4.0125,C,Mr,0,1,True,False,False,False
379,0.0,3,male,19.0,0,0,7.775,S,Mr,0,1,True,False,False,False
380,1.0,1,female,42.0,0,0,227.525,C,Miss,0,1,True,False,False,False
381,1.0,3,female,1.0,0,2,15.7417,C,Miss,0,3,False,True,False,False
382,0.0,3,male,32.0,0,0,7.925,S,Mr,0,1,True,False,False,False
383,1.0,1,female,35.0,1,0,52.0,S,Mrs,0,2,False,True,False,False
384,0.0,3,male,30.0,0,0,7.8958,S,Mr,0,1,True,False,False,False
385,0.0,2,male,18.0,0,0,73.5,S,Mr,0,1,True,False,False,False
386,0.0,3,male,1.0,5,2,46.9,S,Master,0,8,False,False,False,True
387,1.0,2,female,36.0,0,0,13.0,S,Miss,0,1,True,False,False,False
388,0.0,3,male,30.0,0,0,7.7292,Q,Mr,0,1,True,False,False,False
389,1.0,2,female,17.0,0,0,12.0,C,Miss,0,1,True,False,False,False
390,1.0,1,male,36.0,1,2,120.0,S,Mr,0,4,False,True,False,False
391,1.0,3,male,21.0,0,0,7.7958,S,Mr,0,1,True,False,False,False
392,0.0,3,male,28.0,2,0,7.925,S,Mr,0,3,False,True,False,False
393,1.0,1,female,23.0,1,0,113.275,C,Miss,0,2,False,True,False,False
394,1.0,3,female,24.0,0,2,16.7,S,Mrs,0,3,False,True,False,False
395,0.0,3,male,22.0,0,0,7.7958,S,Mr,0,1,True,False,False,False
396,0.0,3,female,31.0,0,0,7.8542,S,Miss,0,1,True,False,False,False
397,0.0,2,male,46.0,0,0,26.0,S,Mr,0,1,True,False,False,False
398,0.0,2,male,23.0,0,0,10.5,S,Mr,0,1,True,False,False,False
399,1.0,2,female,28.0,0,0,12.65,S,Mrs,0,1,True,False,False,False
400,1.0,3,male,39.0,0,0,7.925,S,Mr,0,1,True,False,False,False
401,0.0,3,male,26.0,0,0,8.05,S,Mr,0,1,True,False,False,False
402,0.0,3,female,21.0,1,0,9.825,S,Miss,0,2,False,True,False,False
403,0.0,3,male,28.0,1,0,15.85,S,Mr,0,2,False,True,False,False
404,0.0,3,female,20.0,0,0,8.6625,S,Miss,0,1,True,False,False,False
405,0.0,2,male,34.0,1,0,21.0,S,Mr,0,2,False,True,False,False
406,0.0,3,male,51.0,0,0,7.75,S,Mr,0,1,True,False,False,False
407,1.0,2,male,3.0,1,1,18.75,S,Master,0,3,False,True,False,False
408,0.0,3,male,21.0,0,0,7.775,S,Mr,0,1,True,False,False,False
409,0.0,3,female,22.0,3,1,25.4667,S,Miss,0,5,False,False,True,False
410,0.0,3,male,30.0,0,0,7.8958,S,Mr,0,1,True,False,False,False
411,0.0,3,male,30.0,0,0,6.8583,Q,Mr,0,1,True,False,False,False
412,1.0,1,female,33.0,1,0,90.0,Q,Miss,0,2,False,True,False,False
413,0.0,2,male,30.0,0,0,0.0,S,Mr,0,1,True,False,False,False
414,1.0,3,male,44.0,0,0,7.925,S,Mr,0,1,True,False,False,False
415,0.0,3,female,35.5,0,0,8.05,S,Mrs,0,1,True,False,False,False
416,1.0,2,female,34.0,1,1,32.5,S,Mrs,0,3,False,True,False,False
417,1.0,2,female,18.0,0,2,13.0,S,Miss,0,3,False,True,False,False
418,0.0,2,male,30.0,0,0,13.0,S,Mr,0,1,True,False,False,False
419,0.0,3,female,10.0,0,2,24.15,S,Miss,0,3,False,True,False,False
420,0.0,3,male,30.0,0,0,7.8958,C,Mr,0,1,True,False,False,False
421,0.0,3,male,21.0,0,0,7.7333,Q,Mr,0,1,True,False,False,False
422,0.0,3,male,29.0,0,0,7.875,S,Mr,0,1,True,False,False,False
423,0.0,3,female,28.0,1,1,14.4,S,Mrs,0,3,False,True,False,False
424,0.0,3,male,18.0,1,1,20.2125,S,Mr,0,3,False,True,False,False
425,0.0,3,male,30.0,0,0,7.25,S,Mr,0,1,True,False,False,False
426,1.0,2,female,28.0,1,0,26.0,S,Mrs,0,2,False,True,False,False
427,1.0,2,female,19.0,0,0,26.0,S,Miss,0,1,True,False,False,False
428,0.0,3,male,30.0,0,0,7.75,Q,Mr,0,1,True,False,False,False
429,1.0,3,male,32.0,0,0,8.05,S,Mr,0,1,True,False,False,False
430,1.0,1,male,28.0,0,0,26.55,S,Mr,0,1,True,False,False,False
431,1.0,3,female,35.5,1,0,16.1,S,Mrs,0,2,False,True,False,False
432,1.0,2,female,42.0,1,0,26.0,S,Mrs,0,2,False,True,False,False
433,0.0,3,male,17.0,0,0,7.125,S,Mr,0,1,True,False,False,False
434,0.0,1,male,50.0,1,0,55.9,S,Mr,0,2,False,True,False,False
435,1.0,1,female,14.0,1,2,120.0,S,Miss,0,4,False,True,False,False
436,0.0,3,female,21.0,2,2,34.375,S,Miss,0,5,False,False,True,False
437,1.0,2,female,24.0,2,3,18.75,S,Mrs,0,6,False,False,True,False
438,0.0,1,male,64.0,1,4,263.0,S,Mr,0,6,False,False,True,False
439,0.0,2,male,31.0,0,0,10.5,S,Mr,0,1,True,False,False,False
440,1.0,2,female,45.0,1,1,26.25,S,Mrs,0,3,False,True,False,False
441,0.0,3,male,20.0,0,0,9.5,S,Mr,0,1,True,False,False,False
442,0.0,3,male,25.0,1,0,7.775,S,Mr,0,2,False,True,False,False
443,1.0,2,female,28.0,0,0,13.0,S,Miss,0,1,True,False,False,False
444,1.0,3,male,30.0,0,0,8.1125,S,Mr,0,1,True,False,False,False
445,1.0,1,male,4.0,0,2,81.8583,S,Master,0,3,False,True,False,False
446,1.0,2,female,13.0,0,1,19.5,S,Miss,0,2,False,True,False,False
447,1.0,1,male,34.0,0,0,26.55,S,Mr,0,1,True,False,False,False
448,1.0,3,female,5.0,2,1,19.2583,C,Miss,0,4,False,True,False,False
449,1.0,1,male,52.0,0,0,30.5,S,Mr,0,1,True,False,False,False
450,0.0,2,male,36.0,1,2,27.75,S,Mr,0,4,False,True,False,False
451,0.0,3,male,30.0,1,0,19.9667,S,Mr,0,2,False,True,False,False
452,0.0,1,male,30.0,0,0,27.75,C,Mr,0,1,True,False,False,False
453,1.0,1,male,49.0,1,0,89.1042,C,Mr,0,2,False,True,False,False
454,0.0,3,male,30.0,0,0,8.05,S,Mr,0,1,True,False,False,False
455,1.0,3,male,29.0,0,0,7.8958,C,Mr,0,1,True,False,False,False
456,0.0,1,male,65.0,0,0,26.55,S,Mr,0,1,True,False,False,False
457,1.0,1,female,35.5,1,0,51.8625,S,Mrs,0,2,False,True,False,False
458,1.0,2,female,50.0,0,0,10.5,S,Miss,0,1,True,False,False,False
459,0.0,3,male,30.0,0,0,7.75,Q,Mr,0,1,True,False,False,False
460,1.0,1,male,48.0,0,0,26.55,S,Mr,0,1,True,False,False,False
461,0.0,3,male,34.0,0,0,8.05,S,Mr,0,1,True,False,False,False
462,0.0,1,male,47.0,0,0,38.5,S,Mr,0,1,True,False,False,False
463,0.0,2,male,48.0,0,0,13.0,S,Mr,0,1,True,False,False,False
464,0.0,3,male,30.0,0,0,8.05,S,Mr,0,1,True,False,False,False
465,0.0,3,male,38.0,0,0,7.05,S,Mr,0,1,True,False,False,False
466,0.0,2,male,30.0,0,0,0.0,S,Mr,0,1,True,False,False,False
467,0.0,1,male,56.0,0,0,26.55,S,Mr,0,1,True,False,False,False
468,0.0,3,male,30.0,0,0,7.725,Q,Mr,0,1,True,False,False,False
469,1.0,3,female,0.75,2,1,19.2583,C,Miss,0,4,False,True,False,False
470,0.0,3,male,30.0,0,0,7.25,S,Mr,0,1,True,False,False,False
471,0.0,3,male,38.0,0,0,8.6625,S,Mr,0,1,True,False,False,False
472,1.0,2,female,33.0,1,2,27.75,S,Mrs,0,4,False,True,False,False
473,1.0,2,female,23.0,0,0,13.7917,C,Mrs,0,1,True,False,False,False
474,0.0,3,female,22.0,0,0,9.8375,S,Miss,0,1,True,False,False,False
475,0.0,1,male,30.0,0,0,52.0,S,Mr,0,1,True,False,False,False
476,0.0,2,male,34.0,1,0,21.0,S,Mr,0,2,False,True,False,False
477,0.0,3,male,29.0,1,0,7.0458,S,Mr,0,2,False,True,False,False
478,0.0,3,male,22.0,0,0,7.5208,S,Mr,0,1,True,False,False,False
479,1.0,3,female,2.0,0,1,12.2875,S,Miss,0,2,False,True,False,False
480,0.0,3,male,9.0,5,2,46.9,S,Master,0,8,False,False,False,True
481,0.0,2,male,30.0,0,0,0.0,S,Mr,0,1,True,False,False,False
482,0.0,3,male,50.0,0,0,8.05,S,Mr,0,1,True,False,False,False
483,1.0,3,female,63.0,0,0,9.5875,S,Mrs,0,1,True,False,False,False
484,1.0,1,male,25.0,1,0,91.0792,C,Mr,0,2,False,True,False,False
485,0.0,3,female,22.0,3,1,25.4667,S,Miss,0,5,False,False,True,False
486,1.0,1,female,35.0,1,0,90.0,S,Mrs,0,2,False,True,False,False
487,0.0,1,male,58.0,0,0,29.7,C,Mr,0,1,True,False,False,False
488,0.0,3,male,30.0,0,0,8.05,S,Mr,0,1,True,False,False,False
489,1.0,3,male,9.0,1,1,15.9,S,Master,0,3,False,True,False,False
490,0.0,3,male,30.0,1,0,19.9667,S,Mr,0,2,False,True,False,False
491,0.0,3,male,21.0,0,0,7.25,S,Mr,0,1,True,False,False,False
492,0.0,1,male,55.0,0,0,30.5,S,Mr,0,1,True,False,False,False
493,0.0,1,male,71.0,0,0,49.5042,C,Mr,1,1,True,False,False,False
494,0.0,3,male,21.0,0,0,8.05,S,Mr,0,1,True,False,False,False
495,0.0,3,male,30.0,0,0,14.4583,C,Mr,0,1,True,False,False,False
496,1.0,1,female,54.0,1,0,78.2667,C,Miss,0,2,False,True,False,False
497,0.0,3,male,30.0,0,0,15.1,S,Mr,0,1,True,False,False,False
498,0.0,1,female,25.0,1,2,151.55,S,Mrs,0,4,False,True,False,False
499,0.0,3,male,24.0,0,0,7.7958,S,Mr,0,1,True,False,False,False
500,0.0,3,male,17.0,0,0,8.6625,S,Mr,0,1,True,False,False,False
501,0.0,3,female,21.0,0,0,7.75,Q,Miss,0,1,True,False,False,False
502,0.0,3,female,22.0,0,0,7.6292,Q,Miss,0,1,True,False,False,False
503,0.0,3,female,37.0,0,0,9.5875,S,Miss,0,1,True,False,False,False
504,1.0,1,female,16.0,0,0,86.5,S,Miss,0,1,True,False,False,False
505,0.0,1,male,18.0,1,0,108.9,C,Mr,0,2,False,True,False,False
506,1.0,2,female,33.0,0,2,26.0,S,Mrs,0,3,False,True,False,False
507,1.0,1,male,30.0,0,0,26.55,S,Mr,0,1,True,False,False,False
508,0.0,3,male,28.0,0,0,22.525,S,Mr,0,1,True,False,False,False
509,1.0,3,male,26.0,0,0,56.4958,S,Mr,0,1,True,False,False,False
510,1.0,3,male,29.0,0,0,7.75,Q,Mr,0,1,True,False,False,False
511,0.0,3,male,30.0,0,0,8.05,S,Mr,0,1,True,False,False,False
512,1.0,1,male,36.0,0,0,26.2875,S,Mr,0,1,True,False,False,False
513,1.0,1,female,54.0,1,0,59.4,C,Mrs,0,2,False,True,False,False
514,0.0,3,male,24.0,0,0,7.4958,S,Mr,0,1,True,False,False,False
515,0.0,1,male,47.0,0,0,34.0208,S,Mr,0,1,True,False,False,False
516,1.0,2,female,34.0,0,0,10.5,S,Mrs,0,1,True,False,False,False
517,0.0,3,male,30.0,0,0,24.15,Q,Mr,0,1,True,False,False,False
518,1.0,2,female,36.0,1,0,26.0,S,Mrs,0,2,False,True,False,False
519,0.0,3,male,32.0,0,0,7.8958,S,Mr,0,1,True,False,False,False
520,1.0,1,female,30.0,0,0,93.5,S,Miss,0,1,True,False,False,False
521,0.0,3,male,22.0,0,0,7.8958,S,Mr,0,1,True,False,False,False
522,0.0,3,male,30.0,0,0,7.225,C,Mr,0,1,True,False,False,False
523,1.0,1,female,44.0,0,1,57.9792,C,Mrs,0,2,False,True,False,False
524,0.0,3,male,30.0,0,0,7.2292,C,Mr,0,1,True,False,False,False
525,0.0,3,male,40.5,0,0,7.75,Q,Mr,0,1,True,False,False,False
526,1.0,2,female,50.0,0,0,10.5,S,Miss,0,1,True,False,False,False
527,0.0,1,male,30.0,0,0,221.7792,S,Mr,0,1,True,False,False,False
528,0.0,3,male,39.0,0,0,7.925,S,Mr,0,1,True,False,False,False
529,0.0,2,male,23.0,2,1,11.5,S,Mr,0,4,False,True,False,False
530,1.0,2,female,2.0,1,1,26.0,S,Miss,0,3,False,True,False,False
531,0.0,3,male,30.0,0,0,7.2292,C,Mr,0,1,True,False,False,False
532,0.0,3,male,17.0,1,1,7.2292,C,Mr,0,3,False,True,False,False
533,1.0,3,female,35.5,0,2,22.3583,C,Mrs,0,3,False,True,False,False
534,0.0,3,female,30.0,0,0,8.6625,S,Miss,0,1,True,False,False,False
535,1.0,2,female,7.0,0,2,26.25,S,Miss,0,3,False,True,False,False
536,0.0,1,male,45.0,0,0,26.55,S,Mr,0,1,True,False,False,False
537,1.0,1,female,30.0,0,0,106.425,C,Miss,0,1,True,False,False,False
538,0.0,3,male,30.0,0,0,14.5,S,Mr,0,1,True,False,False,False
539,1.0,1,female,22.0,0,2,49.5,C,Miss,0,3,False,True,False,False
540,1.0,1,female,36.0,0,2,71.0,S,Miss,0,3,False,True,False,False
541,0.0,3,female,9.0,4,2,31.275,S,Miss,0,7,False,False,False,True
542,0.0,3,female,11.0,4,2,31.275,S,Miss,0,7,False,False,False,True
543,1.0,2,male,32.0,1,0,26.0,S,Mr,0,2,False,True,False,False
544,0.0,1,male,50.0,1,0,106.425,C,Mr,0,2,False,True,False,False
545,0.0,1,male,64.0,0,0,26.0,S,Mr,0,1,True,False,False,False
546,1.0,2,female,19.0,1,0,26.0,S,Mrs,0,2,False,True,False,False
547,1.0,2,male,30.0,0,0,13.8625,C,Mr,0,1,True,False,False,False
548,0.0,3,male,33.0,1,1,20.525,S,Mr,0,3,False,True,False,False
549,1.0,2,male,8.0,1,1,36.75,S,Master,0,3,False,True,False,False
550,1.0,1,male,17.0,0,2,110.8833,C,Mr,0,3,False,True,False,False
551,0.0,2,male,27.0,0,0,26.0,S,Mr,0,1,True,False,False,False
552,0.0,3,male,30.0,0,0,7.8292,Q,Mr,0,1,True,False,False,False
553,1.0,3,male,22.0,0,0,7.225,C,Mr,0,1,True,False,False,False
554,1.0,3,female,22.0,0,0,7.775,S,Miss,0,1,True,False,False,False
555,0.0,1,male,62.0,0,0,26.55,S,Mr,0,1,True,False,False,False
556,1.0,1,female,48.0,1,0,39.6,C,Mrs,0,2,False,True,False,False
557,0.0,1,male,30.0,0,0,227.525,C,Mr,0,1,True,False,False,False
558,1.0,1,female,39.0,1,1,79.65,S,Mrs,0,3,False,True,False,False
559,1.0,3,female,36.0,1,0,17.4,S,Mrs,0,2,False,True,False,False
560,0.0,3,male,30.0,0,0,7.75,Q,Mr,0,1,True,False,False,False
561,0.0,3,male,40.0,0,0,7.8958,S,Mr,0,1,True,False,False,False
562,0.0,2,male,28.0,0,0,13.5,S,Mr,0,1,True,False,False,False
563,0.0,3,male,30.0,0,0,8.05,S,Mr,0,1,True,False,False,False
564,0.0,3,female,22.0,0,0,8.05,S,Miss,0,1,True,False,False,False
565,0.0,3,male,24.0,2,0,24.15,S,Mr,0,3,False,True,False,False
566,0.0,3,male,19.0,0,0,7.8958,S,Mr,0,1,True,False,False,False
567,0.0,3,female,29.0,0,4,21.075,S,Mrs,0,5,False,False,True,False
568,0.0,3,male,30.0,0,0,7.2292,C,Mr,0,1,True,False,False,False
569,1.0,3,male,32.0,0,0,7.8542,S,Mr,0,1,True,False,False,False
570,1.0,2,male,62.0,0,0,10.5,S,Mr,0,1,True,False,False,False
571,1.0,1,female,53.0,2,0,51.4792,S,Mrs,0,3,False,True,False,False
572,1.0,1,male,36.0,0,0,26.3875,S,Mr,0,1,True,False,False,False
573,1.0,3,female,22.0,0,0,7.75,Q,Miss,0,1,True,False,False,False
574,0.0,3,male,16.0,0,0,8.05,S,Mr,0,1,True,False,False,False
575,0.0,3,male,19.0,0,0,14.5,S,Mr,0,1,True,False,False,False
576,1.0,2,female,34.0,0,0,13.0,S,Miss,0,1,True,False,False,False
577,1.0,1,female,39.0,1,0,55.9,S,Mrs,0,2,False,True,False,False
578,0.0,3,female,35.5,1,0,14.4583,C,Mrs,0,2,False,True,False,False
579,1.0,3,male,32.0,0,0,7.925,S,Mr,0,1,True,False,False,False
580,1.0,2,female,25.0,1,1,30.0,S,Miss,0,3,False,True,False,False
581,1.0,1,female,39.0,1,1,110.8833,C,Mrs,0,3,False,True,False,False
582,0.0,2,male,54.0,0,0,26.0,S,Mr,0,1,True,False,False,False
583,0.0,1,male,36.0,0,0,40.125,C,Mr,0,1,True,False,False,False
584,0.0,3,male,30.0,0,0,8.7125,C,Mr,0,1,True,False,False,False
585,1.0,1,female,18.0,0,2,79.65,S,Miss,0,3,False,True,False,False
586,0.0,2,male,47.0,0,0,15.0,S,Mr,0,1,True,False,False,False
587,1.0,1,male,60.0,1,1,79.2,C,Mr,0,3,False,True,False,False
588,0.0,3,male,22.0,0,0,8.05,S,Mr,0,1,True,False,False,False
589,0.0,3,male,30.0,0,0,8.05,S,Mr,0,1,True,False,False,False
590,0.0,3,male,35.0,0,0,7.125,S,Mr,0,1,True,False,False,False
591,1.0,1,female,52.0,1,0,78.2667,C,Mrs,0,2,False,True,False,False
592,0.0,3,male,47.0,0,0,7.25,S,Mr,0,1,True,False,False,False
593,0.0,3,female,22.0,0,2,7.75,Q,Miss,0,3,False,True,False,False
594,0.0,2,male,37.0,1,0,26.0,S,Mr,0,2,False,True,False,False
595,0.0,3,male,36.0,1,1,24.15,S,Mr,0,3,False,True,False,False
596,1.0,2,female,22.0,0,0,33.0,S,Miss,0,1,True,False,False,False
597,0.0,3,male,49.0,0,0,0.0,S,Mr,0,1,True,False,False,False
598,0.0,3,male,30.0,0,0,7.225,C,Mr,0,1,True,False,False,False
599,1.0,1,male,49.0,1,0,56.9292,C,Mr,0,2,False,True,False,False
600,1.0,2,female,24.0,2,1,27.0,S,Mrs,0,4,False,True,False,False
601,0.0,3,male,30.0,0,0,7.8958,S,Mr,0,1,True,False,False,False
602,0.0,1,male,30.0,0,0,42.4,S,Mr,0,1,True,False,False,False
603,0.0,3,male,44.0,0,0,8.05,S,Mr,0,1,True,False,False,False
604,1.0,1,male,35.0,0,0,26.55,C,Mr,0,1,True,False,False,False
605,0.0,3,male,36.0,1,0,15.55,S,Mr,0,2,False,True,False,False
606,0.0,3,male,30.0,0,0,7.8958,S,Mr,0,1,True,False,False,False
607,1.0,1,male,27.0,0,0,30.5,S,Mr,0,1,True,False,False,False
608,1.0,2,female,22.0,1,2,41.5792,C,Mrs,0,4,False,True,False,False
609,1.0,1,female,40.0,0,0,153.4625,S,Miss,0,1,True,False,False,False
610,0.0,3,female,39.0,1,5,31.275,S,Mrs,0,7,False,False,False,True
611,0.0,3,male,30.0,0,0,7.05,S,Mr,0,1,True,False,False,False
612,1.0,3,female,22.0,1,0,15.5,Q,Miss,0,2,False,True,False,False
613,0.0,3,male,30.0,0,0,7.75,Q,Mr,0,1,True,False,False,False
614,0.0,3,male,35.0,0,0,8.05,S,Mr,0,1,True,False,False,False
615,1.0,2,female,24.0,1,2,65.0,S,Miss,0,4,False,True,False,False
616,0.0,3,male,34.0,1,1,14.4,S,Mr,0,3,False,True,False,False
617,0.0,3,female,26.0,1,0,16.1,S,Mrs,0,2,False,True,False,False
618,1.0,2,female,4.0,2,1,39.0,S,Miss,0,4,False,True,False,False
619,0.0,2,male,26.0,0,0,10.5,S,Mr,0,1,True,False,False,False
620,0.0,3,male,27.0,1,0,14.4542,C,Mr,0,2,False,True,False,False
621,1.0,1,male,42.0,1,0,52.5542,S,Mr,0,2,False,True,False,False
622,1.0,3,male,20.0,1,1,15.7417,C,Mr,0,3,False,True,False,False
623,0.0,3,male,21.0,0,0,7.8542,S,Mr,0,1,True,False,False,False
624,0.0,3,male,21.0,0,0,16.1,S,Mr,0,1,True,False,False,False
625,0.0,1,male,61.0,0,0,32.3208,S,Mr,0,1,True,False,False,False
626,0.0,2,male,57.0,0,0,12.35,Q,Mr,0,1,True,False,False,False
627,1.0,1,female,21.0,0,0,77.9583,S,Miss,0,1,True,False,False,False
628,0.0,3,male,26.0,0,0,7.8958,S,Mr,0,1,True,False,False,False
629,0.0,3,male,30.0,0,0,7.7333,Q,Mr,0,1,True,False,False,False
630,1.0,1,male,80.0,0,0,30.0,S,Mr,1,1,True,False,False,False
631,0.0,3,male,51.0,0,0,7.0542,S,Mr,0,1,True,False,False,False
632,1.0,1,male,32.0,0,0,30.5,C,Mr,0,1,True,False,False,False
633,0.0,1,male,30.0,0,0,0.0,S,Mr,0,1,True,False,False,False
634,0.0,3,female,9.0,3,2,27.9,S,Miss,0,6,False,False,True,False
635,1.0,2,female,28.0,0,0,13.0,S,Miss,0,1,True,False,False,False
636,0.0,3,male,32.0,0,0,7.925,S,Mr,0,1,True,False,False,False
637,0.0,2,male,31.0,1,1,26.25,S,Mr,0,3,False,True,False,False
638,0.0,3,female,41.0,0,5,39.6875,S,Mrs,0,6,False,False,True,False
639,0.0,3,male,30.0,1,0,16.1,S,Mr,0,2,False,True,False,False
640,0.0,3,male,20.0,0,0,7.8542,S,Mr,0,1,True,False,False,False
641,1.0,1,female,24.0,0,0,69.3,C,Miss,0,1,True,False,False,False
642,0.0,3,female,2.0,3,2,27.9,S,Miss,0,6,False,False,True,False
643,1.0,3,male,30.0,0,0,56.4958,S,Mr,0,1,True,False,False,False
644,1.0,3,female,0.75,2,1,19.2583,C,Miss,0,4,False,True,False,False
645,1.0,1,male,48.0,1,0,76.7292,C,Mr,0,2,False,True,False,False
646,0.0,3,male,19.0,0,0,7.8958,S,Mr,0,1,True,False,False,False
647,1.0,1,male,56.0,0,0,35.5,C,Mr,0,1,True,False,False,False
648,0.0,3,male,30.0,0,0,7.55,S,Mr,0,1,True,False,False,False
649,1.0,3,female,23.0,0,0,7.55,S,Miss,0,1,True,False,False,False
650,0.0,3,male,30.0,0,0,7.8958,S,Mr,0,1,True,False,False,False
651,1.0,2,female,18.0,0,1,23.0,S,Miss,0,2,False,True,False,False
652,0.0,3,male,21.0,0,0,8.4333,S,Mr,0,1,True,False,False,False
653,1.0,3,female,22.0,0,0,7.8292,Q,Miss,0,1,True,False,False,False
654,0.0,3,female,18.0,0,0,6.75,Q,Miss,0,1,True,False,False,False
655,0.0,2,male,24.0,2,0,73.5,S,Mr,0,3,False,True,False,False
656,0.0,3,male,30.0,0,0,7.8958,S,Mr,0,1,True,False,False,False
657,0.0,3,female,32.0,1,1,15.5,Q,Mrs,0,3,False,True,False,False
658,0.0,2,male,23.0,0,0,13.0,S,Mr,0,1,True,False,False,False
659,0.0,1,male,58.0,0,2,113.275,C,Mr,0,3,False,True,False,False
660,1.0,1,male,50.0,2,0,133.65,S,Mr,0,3,False,True,False,False
661,0.0,3,male,40.0,0,0,7.225,C,Mr,0,1,True,False,False,False
662,0.0,1,male,47.0,0,0,25.5875,S,Mr,0,1,True,False,False,False
663,0.0,3,male,36.0,0,0,7.4958,S,Mr,0,1,True,False,False,False
664,1.0,3,male,20.0,1,0,7.925,S,Mr,0,2,False,True,False,False
665,0.0,2,male,32.0,2,0,73.5,S,Mr,0,3,False,True,False,False
666,0.0,2,male,25.0,0,0,13.0,S,Mr,0,1,True,False,False,False
667,0.0,3,male,30.0,0,0,7.775,S,Mr,0,1,True,False,False,False
668,0.0,3,male,43.0,0,0,8.05,S,Mr,0,1,True,False,False,False
669,1.0,1,female,35.5,1,0,52.0,S,Mrs,0,2,False,True,False,False
670,1.0,2,female,40.0,1,1,39.0,S,Mrs,0,3,False,True,False,False
671,0.0,1,male,31.0,1,0,52.0,S,Mr,0,2,False,True,False,False
672,0.0,2,male,70.0,0,0,10.5,S,Mr,0,1,True,False,False,False
673,1.0,2,male,31.0,0,0,13.0,S,Mr,0,1,True,False,False,False
674,0.0,2,male,30.0,0,0,0.0,S,Mr,0,1,True,False,False,False
675,0.0,3,male,18.0,0,0,7.775,S,Mr,0,1,True,False,False,False
676,0.0,3,male,24.5,0,0,8.05,S,Mr,0,1,True,False,False,False
677,1.0,3,female,18.0,0,0,9.8417,S,Miss,0,1,True,False,False,False
678,0.0,3,female,43.0,1,6,46.9,S,Mrs,0,8,False,False,False,True
679,1.0,1,male,36.0,0,1,512.3292,C,Mr,0,2,False,True,False,False
680,0.0,3,female,22.0,0,0,8.1375,Q,Miss,0,1,True,False,False,False
681,1.0,1,male,27.0,0,0,76.7292,C,Mr,0,1,True,False,False,False
682,0.0,3,male,20.0,0,0,9.225,S,Mr,0,1,True,False,False,False
683,0.0,3,male,14.0,5,2,46.9,S,Mr,0,8,False,False,False,True
684,0.0,2,male,60.0,1,1,39.0,S,Mr,0,3,False,True,False,False
685,0.0,2,male,25.0,1,2,41.5792,C,Mr,0,4,False,True,False,False
686,0.0,3,male,14.0,4,1,39.6875,S,Mr,0,6,False,False,True,False
687,0.0,3,male,19.0,0,0,10.1708,S,Mr,0,1,True,False,False,False
688,0.0,3,male,18.0,0,0,7.7958,S,Mr,0,1,True,False,False,False
689,1.0,1,female,15.0,0,1,211.3375,S,Miss,0,2,False,True,False,False
690,1.0,1,male,31.0,1,0,57.0,S,Mr,0,2,False,True,False,False
691,1.0,3,female,4.0,0,1,13.4167,C,Miss,0,2,False,True,False,False
692,1.0,3,male,30.0,0,0,56.4958,S,Mr,0,1,True,False,False,False
693,0.0,3,male,25.0,0,0,7.225,C,Mr,0,1,True,False,False,False
694,0.0,1,male,60.0,0,0,26.55,S,Mr,0,1,True,False,False,False
695,0.0,2,male,52.0,0,0,13.5,S,Mr,0,1,True,False,False,False
696,0.0,3,male,44.0,0,0,8.05,S,Mr,0,1,True,False,False,False
697,1.0,3,female,22.0,0,0,7.7333,Q,Miss,0,1,True,False,False,False
698,0.0,1,male,49.0,1,1,110.8833,C,Mr,0,3,False,True,False,False
699,0.0,3,male,42.0,0,0,7.65,S,Mr,0,1,True,False,False,False
700,1.0,1,female,18.0,1,0,227.525,C,Mrs,0,2,False,True,False,False
701,1.0,1,male,35.0,0,0,26.2875,S,Mr,0,1,True,False,False,False
702,0.0,3,female,18.0,0,1,14.4542,C,Miss,0,2,False,True,False,False
703,0.0,3,male,25.0,0,0,7.7417,Q,Mr,0,1,True,False,False,False
704,0.0,3,male,26.0,1,0,7.8542,S,Mr,0,2,False,True,False,False
705,0.0,2,male,39.0,0,0,26.0,S,Mr,0,1,True,False,False,False
706,1.0,2,female,45.0,0,0,13.5,S,Mrs,0,1,True,False,False,False
707,1.0,1,male,42.0,0,0,26.2875,S,Mr,0,1,True,False,False,False
708,1.0,1,female,22.0,0,0,151.55,S,Miss,0,1,True,False,False,False
709,1.0,3,male,4.0,1,1,15.2458,C,Master,0,3,False,True,False,False
710,1.0,1,female,24.0,0,0,49.5042,C,Miss,0,1,True,False,False,False
711,0.0,1,male,30.0,0,0,26.55,S,Mr,0,1,True,False,False,False
712,1.0,1,male,48.0,1,0,52.0,S,Mr,0,2,False,True,False,False
713,0.0,3,male,29.0,0,0,9.4833,S,Mr,0,1,True,False,False,False
714,0.0,2,male,52.0,0,0,13.0,S,Mr,0,1,True,False,False,False
715,0.0,3,male,19.0,0,0,7.65,S,Mr,0,1,True,False,False,False
716,1.0,1,female,38.0,0,0,227.525,C,Miss,0,1,True,False,False,False
717,1.0,2,female,27.0,0,0,10.5,S,Miss,0,1,True,False,False,False
718,0.0,3,male,30.0,0,0,15.5,Q,Mr,0,1,True,False,False,False
719,0.0,3,male,33.0,0,0,7.775,S,Mr,0,1,True,False,False,False
720,1.0,2,female,6.0,0,1,33.0,S,Miss,0,2,False,True,False,False
721,0.0,3,male,17.0,1,0,7.0542,S,Mr,0,2,False,True,False,False
722,0.0,2,male,34.0,0,0,13.0,S,Mr,0,1,True,False,False,False
723,0.0,2,male,50.0,0,0,13.0,S,Mr,0,1,True,False,False,False
724,1.0,1,male,27.0,1,0,53.1,S,Mr,0,2,False,True,False,False
725,0.0,3,male,20.0,0,0,8.6625,S,Mr,0,1,True,False,False,False
726,1.0,2,female,30.0,3,0,21.0,S,Mrs,0,4,False,True,False,False
727,1.0,3,female,22.0,0,0,7.7375,Q,Miss,0,1,True,False,False,False
728,0.0,2,male,25.0,1,0,26.0,S,Mr,0,2,False,True,False,False
729,0.0,3,female,25.0,1,0,7.925,S,Miss,0,2,False,True,False,False
730,1.0,1,female,29.0,0,0,211.3375,S,Miss,0,1,True,False,False,False
731,0.0,3,male,11.0,0,0,18.7875,C,Mr,0,1,True,False,False,False
732,0.0,2,male,30.0,0,0,0.0,S,Mr,0,1,True,False,False,False
733,0.0,2,male,23.0,0,0,13.0,S,Mr,0,1,True,False,False,False
734,0.0,2,male,23.0,0,0,13.0,S,Mr,0,1,True,False,False,False
735,0.0,3,male,28.5,0,0,16.1,S,Mr,0,1,True,False,False,False
736,0.0,3,female,48.0,1,3,34.375,S,Mrs,0,5,False,False,True,False
737,1.0,1,male,35.0,0,0,512.3292,C,Mr,0,1,True,False,False,False
738,0.0,3,male,30.0,0,0,7.8958,S,Mr,0,1,True,False,False,False
739,0.0,3,male,30.0,0,0,7.8958,S,Mr,0,1,True,False,False,False
740,1.0,1,male,30.0,0,0,30.0,S,Mr,0,1,True,False,False,False
741,0.0,1,male,36.0,1,0,78.85,S,Mr,0,2,False,True,False,False
742,1.0,1,female,21.0,2,2,262.375,C,Miss,0,5,False,False,True,False
743,0.0,3,male,24.0,1,0,16.1,S,Mr,0,2,False,True,False,False
744,1.0,3,male,31.0,0,0,7.925,S,Mr,0,1,True,False,False,False
745,0.0,1,male,70.0,1,1,71.0,S,Mr,0,3,False,True,False,False
746,0.0,3,male,16.0,1,1,20.25,S,Mr,0,3,False,True,False,False
747,1.0,2,female,30.0,0,0,13.0,S,Miss,0,1,True,False,False,False
748,0.0,1,male,19.0,1,0,53.1,S,Mr,0,2,False,True,False,False
749,0.0,3,male,31.0,0,0,7.75,Q,Mr,0,1,True,False,False,False
750,1.0,2,female,4.0,1,1,23.0,S,Miss,0,3,False,True,False,False
751,1.0,3,male,6.0,0,1,12.475,S,Master,0,2,False,True,False,False
752,0.0,3,male,33.0,0,0,9.5,S,Mr,0,1,True,False,False,False
753,0.0,3,male,23.0,0,0,7.8958,S,Mr,0,1,True,False,False,False
754,1.0,2,female,48.0,1,2,65.0,S,Mrs,0,4,False,True,False,False
755,1.0,2,male,0.67,1,1,14.5,S,Master,0,3,False,True,False,False
756,0.0,3,male,28.0,0,0,7.7958,S,Mr,0,1,True,False,False,False
757,0.0,2,male,18.0,0,0,11.5,S,Mr,0,1,True,False,False,False
758,0.0,3,male,34.0,0,0,8.05,S,Mr,0,1,True,False,False,False
759,1.0,1,female,33.0,0,0,86.5,S,Mrs,0,1,True,False,False,False
760,0.0,3,male,30.0,0,0,14.5,S,Mr,0,1,True,False,False,False
761,0.0,3,male,41.0,0,0,7.125,S,Mr,0,1,True,False,False,False
762,1.0,3,male,20.0,0,0,7.2292,C,Mr,0,1,True,False,False,False
763,1.0,1,female,36.0,1,2,120.0,S,Mrs,0,4,False,True,False,False
764,0.0,3,male,16.0,0,0,7.775,S,Mr,0,1,True,False,False,False
765,1.0,1,female,51.0,1,0,77.9583,S,Mrs,0,2,False,True,False,False
766,0.0,1,male,30.0,0,0,39.6,C,Mr,0,1,True,False,False,False
767,0.0,3,female,30.5,0,0,7.75,Q,Miss,0,1,True,False,False,False
768,0.0,3,male,30.0,1,0,24.15,Q,Mr,0,2,False,True,False,False
769,0.0,3,male,32.0,0,0,8.3625,S,Mr,0,1,True,False,False,False
770,0.0,3,male,24.0,0,0,9.5,S,Mr,0,1,True,False,False,False
771,0.0,3,male,48.0,0,0,7.8542,S,Mr,0,1,True,False,False,False
772,0.0,2,female,57.0,0,0,10.5,S,Mrs,0,1,True,False,False,False
773,0.0,3,male,30.0,0,0,7.225,C,Mr,0,1,True,False,False,False
774,1.0,2,female,54.0,1,3,23.0,S,Mrs,0,5,False,False,True,False
775,0.0,3,male,18.0,0,0,7.75,S,Mr,0,1,True,False,False,False
776,0.0,3,male,30.0,0,0,7.75,Q,Mr,0,1,True,False,False,False
777,1.0,3,female,5.0,0,0,12.475,S,Miss,0,1,True,False,False,False
778,0.0,3,male,30.0,0,0,7.7375,Q,Mr,0,1,True,False,False,False
779,1.0,1,female,43.0,0,1,211.3375,S,Mrs,0,2,False,True,False,False
780,1.0,3,female,13.0,0,0,7.2292,C,Miss,0,1,True,False,False,False
781,1.0,1,female,17.0,1,0,57.0,S,Mrs,0,2,False,True,False,False
782,0.0,1,male,29.0,0,0,30.0,S,Mr,0,1,True,False,False,False
783,0.0,3,male,30.0,1,2,23.45,S,Mr,0,4,False,True,False,False
784,0.0,3,male,25.0,0,0,7.05,S,Mr,0,1,True,False,False,False
785,0.0,3,male,25.0,0,0,7.25,S,Mr,0,1,True,False,False,False
786,1.0,3,female,18.0,0,0,7.4958,S,Miss,0,1,True,False,False,False
787,0.0,3,male,8.0,4,1,29.125,Q,Master,0,6,False,False,True,False
788,1.0,3,male,1.0,1,2,20.575,S,Master,0,4,False,True,False,False
789,0.0,1,male,46.0,0,0,79.2,C,Mr,0,1,True,False,False,False
790,0.0,3,male,30.0,0,0,7.75,Q,Mr,0,1,True,False,False,False
791,0.0,2,male,16.0,0,0,26.0,S,Mr,0,1,True,False,False,False
792,0.0,3,female,22.0,8,2,69.55,S,Miss,0,11,False,False,False,True
793,0.0,1,male,30.0,0,0,30.6958,C,Mr,0,1,True,False,False,False
794,0.0,3,male,25.0,0,0,7.8958,S,Mr,0,1,True,False,False,False
795,0.0,2,male,39.0,0,0,13.0,S,Mr,0,1,True,False,False,False
796,1.0,1,female,49.0,0,0,25.9292,S,Mr,0,1,True,False,False,False
797,1.0,3,female,31.0,0,0,8.6833,S,Mrs,0,1,True,False,False,False
798,0.0,3,male,30.0,0,0,7.2292,C,Mr,0,1,True,False,False,False
799,0.0,3,female,30.0,1,1,24.15,S,Mrs,0,3,False,True,False,False
800,0.0,2,male,34.0,0,0,13.0,S,Mr,0,1,True,False,False,False
801,1.0,2,female,31.0,1,1,26.25,S,Mrs,0,3,False,True,False,False
802,1.0,1,male,11.0,1,2,120.0,S,Master,0,4,False,True,False,False
803,1.0,3,male,0.42,0,1,8.5167,C,Master,0,2,False,True,False,False
804,1.0,3,male,27.0,0,0,6.975,S,Mr,0,1,True,False,False,False
805,0.0,3,male,31.0,0,0,7.775,S,Mr,0,1,True,False,False,False
806,0.0,1,male,39.0,0,0,0.0,S,Mr,0,1,True,False,False,False
807,0.0,3,female,18.0,0,0,7.775,S,Miss,0,1,True,False,False,False
808,0.0,2,male,39.0,0,0,13.0,S,Mr,0,1,True,False,False,False
809,1.0,1,female,33.0,1,0,53.1,S,Mrs,0,2,False,True,False,False
810,0.0,3,male,26.0,0,0,7.8875,S,Mr,0,1,True,False,False,False
811,0.0,3,male,39.0,0,0,24.15,S,Mr,0,1,True,False,False,False
812,0.0,2,male,35.0,0,0,10.5,S,Mr,0,1,True,False,False,False
813,0.0,3,female,6.0,4,2,31.275,S,Miss,0,7,False,False,False,True
814,0.0,3,male,30.5,0,0,8.05,S,Mr,0,1,True,False,False,False
815,0.0,1,male,30.0,0,0,0.0,S,Mr,0,1,True,False,False,False
816,0.0,3,female,23.0,0,0,7.925,S,Miss,0,1,True,False,False,False
817,0.0,2,male,31.0,1,1,37.0042,C,Mr,0,3,False,True,False,False
818,0.0,3,male,43.0,0,0,6.45,S,Mr,0,1,True,False,False,False
819,0.0,3,male,10.0,3,2,27.9,S,Master,0,6,False,False,True,False
820,1.0,1,female,52.0,1,1,93.5,S,Mrs,0,3,False,True,False,False
821,1.0,3,male,27.0,0,0,8.6625,S,Mr,0,1,True,False,False,False
822,0.0,1,male,38.0,0,0,0.0,S,Mr,0,1,True,False,False,False
823,1.0,3,female,27.0,0,1,12.475,S,Mrs,0,2,False,True,False,False
824,0.0,3,male,2.0,4,1,39.6875,S,Master,0,6,False,False,True,False
825,0.0,3,male,30.0,0,0,6.95,Q,Mr,0,1,True,False,False,False
826,0.0,3,male,30.0,0,0,56.4958,S,Mr,0,1,True,False,False,False
827,1.0,2,male,1.0,0,2,37.0042,C,Master,0,3,False,True,False,False
828,1.0,3,male,30.0,0,0,7.75,Q,Mr,0,1,True,False,False,False
829,1.0,1,female,62.0,0,0,80.0,S,Mrs,0,1,True,False,False,False
830,1.0,3,female,15.0,1,0,14.4542,C,Mrs,0,2,False,True,False,False
831,1.0,2,male,0.83,1,1,18.75,S,Master,0,3,False,True,False,False
832,0.0,3,male,30.0,0,0,7.2292,C,Mr,0,1,True,False,False,False
833,0.0,3,male,23.0,0,0,7.8542,S,Mr,0,1,True,False,False,False
834,0.0,3,male,18.0,0,0,8.3,S,Mr,0,1,True,False,False,False
835,1.0,1,female,39.0,1,1,83.1583,C,Miss,0,3,False,True,False,False
836,0.0,3,male,21.0,0,0,8.6625,S,Mr,0,1,True,False,False,False
837,0.0,3,male,30.0,0,0,8.05,S,Mr,0,1,True,False,False,False
838,1.0,3,male,32.0,0,0,56.4958,S,Mr,0,1,True,False,False,False
839,1.0,1,male,30.0,0,0,29.7,C,Mr,0,1,True,False,False,False
840,0.0,3,male,20.0,0,0,7.925,S,Mr,0,1,True,False,False,False
841,0.0,2,male,16.0,0,0,10.5,S,Mr,0,1,True,False,False,False
842,1.0,1,female,30.0,0,0,31.0,C,Miss,0,1,True,False,False,False
843,0.0,3,male,34.5,0,0,6.4375,C,Mr,0,1,True,False,False,False
844,0.0,3,male,17.0,0,0,8.6625,S,Mr,0,1,True,False,False,False
845,0.0,3,male,42.0,0,0,7.55,S,Mr,0,1,True,False,False,False
846,0.0,3,male,30.0,8,2,69.55,S,Mr,0,11,False,False,False,True
847,0.0,3,male,35.0,0,0,7.8958,C,Mr,0,1,True,False,False,False
848,0.0,2,male,28.0,0,1,33.0,S,Mr,0,2,False,True,False,False
849,1.0,1,female,35.5,1,0,89.1042,C,Mrs,0,2,False,True,False,False
850,0.0,3,male,4.0,4,2,31.275,S,Master,0,7,False,False,False,True
851,0.0,3,male,74.0,0,0,7.775,S,Mr,1,1,True,False,False,False
852,0.0,3,female,9.0,1,1,15.2458,C,Miss,0,3,False,True,False,False
853,1.0,1,female,16.0,0,1,39.4,S,Miss,0,2,False,True,False,False
854,0.0,2,female,44.0,1,0,26.0,S,Mrs,0,2,False,True,False,False
855,1.0,3,female,18.0,0,1,9.35,S,Mrs,0,2,False,True,False,False
856,1.0,1,female,45.0,1,1,164.8667,S,Mrs,0,3,False,True,False,False
857,1.0,1,male,51.0,0,0,26.55,S,Mr,0,1,True,False,False,False
858,1.0,3,female,24.0,0,3,19.2583,C,Mrs,0,4,False,True,False,False
859,0.0,3,male,30.0,0,0,7.2292,C,Mr,0,1,True,False,False,False
860,0.0,3,male,41.0,2,0,14.1083,S,Mr,0,3,False,True,False,False
861,0.0,2,male,21.0,1,0,11.5,S,Mr,0,2,False,True,False,False
862,1.0,1,female,48.0,0,0,25.9292,S,Mrs,0,1,True,False,False,False
863,0.0,3,female,22.0,8,2,69.55,S,Miss,0,11,False,False,False,True
864,0.0,2,male,24.0,0,0,13.0,S,Mr,0,1,True,False,False,False
865,1.0,2,female,42.0,0,0,13.0,S,Mrs,0,1,True,False,False,False
866,1.0,2,female,27.0,1,0,13.8583,C,Miss,0,2,False,True,False,False
867,0.0,1,male,31.0,0,0,50.4958,S,Mr,0,1,True,False,False,False
868,0.0,3,male,30.0,0,0,9.5,S,Mr,0,1,True,False,False,False
869,1.0,3,male,4.0,1,1,11.1333,S,Master,0,3,False,True,False,False
870,0.0,3,male,26.0,0,0,7.8958,S,Mr,0,1,True,False,False,False
871,1.0,1,female,47.0,1,1,52.5542,S,Mrs,0,3,False,True,False,False
872,0.0,1,male,33.0,0,0,5.0,S,Mr,0,1,True,False,False,False
873,0.0,3,male,47.0,0,0,9.0,S,Mr,0,1,True,False,False,False
874,1.0,2,female,28.0,1,0,24.0,C,Mrs,0,2,False,True,False,False
875,1.0,3,female,15.0,0,0,7.225,C,Miss,0,1,True,False,False,False
876,0.0,3,male,20.0,0,0,9.8458,S,Mr,0,1,True,False,False,False
877,0.0,3,male,19.0,0,0,7.8958,S,Mr,0,1,True,False,False,False
878,0.0,3,male,30.0,0,0,7.8958,S,Mr,0,1,True,False,False,False
879,1.0,1,female,56.0,0,1,83.1583,C,Mrs,0,2,False,True,False,False
880,1.0,2,female,25.0,0,1,26.0,S,Mrs,0,2,False,True,False,False
881,0.0,3,male,33.0,0,0,7.8958,S,Mr,0,1,True,False,False,False
882,0.0,3,female,22.0,0,0,10.5167,S,Miss,0,1,True,False,False,False
883,0.0,2,male,28.0,0,0,10.5,S,Mr,0,1,True,False,False,False
884,0.0,3,male,25.0,0,0,7.05,S,Mr,0,1,True,False,False,False
885,0.0,3,female,39.0,0,5,29.125,Q,Mrs,0,6,False,False,True,False
886,0.0,2,male,27.0,0,0,13.0,S,Mr,0,1,True,False,False,False
887,1.0,1,female,19.0,0,0,30.0,S,Miss,0,1,True,False,False,False
888,0.0,3,female,22.0,1,2,23.45,S,Miss,0,4,False,True,False,False
889,1.0,1,male,26.0,0,0,30.0,C,Mr,0,1,True,False,False,False
890,0.0,3,male,32.0,0,0,7.75,Q,Mr,0,1,True,False,False,False
0,,3,male,34.5,0,0,7.8292,Q,Mr,0,1,True,False,False,False
1,,3,female,47.0,1,0,7.0,S,Mrs,0,2,False,True,False,False
2,,2,male,62.0,0,0,9.6875,Q,Mr,0,1,True,False,False,False
3,,3,male,27.0,0,0,8.6625,S,Mr,0,1,True,False,False,False
4,,3,female,22.0,1,1,12.2875,S,Mrs,0,3,False,True,False,False
5,,3,male,14.0,0,0,9.225,S,Mr,0,1,True,False,False,False
6,,3,female,30.0,0,0,7.6292,Q,Miss,0,1,True,False,False,False
7,,2,male,26.0,1,1,29.0,S,Mr,0,3,False,True,False,False
8,,3,female,18.0,0,0,7.2292,C,Mrs,0,1,True,False,False,False
9,,3,male,21.0,2,0,24.15,S,Mr,0,3,False,True,False,False
10,,3,male,30.0,0,0,7.8958,S,Mr,0,1,True,False,False,False
11,,1,male,46.0,0,0,26.0,S,Mr,0,1,True,False,False,False
12,,1,female,23.0,1,0,82.2667,S,Mrs,0,2,False,True,False,False
13,,2,male,63.0,1,0,26.0,S,Mr,0,2,False,True,False,False
14,,1,female,47.0,1,0,61.175,S,Mrs,0,2,False,True,False,False
15,,2,female,24.0,1,0,27.7208,C,Mrs,0,2,False,True,False,False
16,,2,male,35.0,0,0,12.35,Q,Mr,0,1,True,False,False,False
17,,3,male,21.0,0,0,7.225,C,Mr,0,1,True,False,False,False
18,,3,female,27.0,1,0,7.925,S,Miss,0,2,False,True,False,False
19,,3,female,45.0,0,0,7.225,C,Mrs,0,1,True,False,False,False
20,,1,male,55.0,1,0,59.4,C,Mr,0,2,False,True,False,False
21,,3,male,9.0,0,1,3.1708,S,Master,0,2,False,True,False,False
22,,1,female,35.5,0,0,31.6833,S,Mrs,0,1,True,False,False,False
23,,1,male,21.0,0,1,61.3792,C,Mr,0,2,False,True,False,False
24,,1,female,48.0,1,3,262.375,C,Mrs,0,5,False,False,True,False
25,,3,male,50.0,1,0,14.5,S,Mr,0,2,False,True,False,False
26,,1,female,22.0,0,1,61.9792,C,Miss,0,2,False,True,False,False
27,,3,male,22.5,0,0,7.225,C,Mr,0,1,True,False,False,False
28,,1,male,41.0,0,0,30.5,S,Mr,0,1,True,False,False,False
29,,3,male,30.0,2,0,21.6792,C,Mr,0,3,False,True,False,False
30,,2,male,50.0,1,0,26.0,S,Mr,0,2,False,True,False,False
31,,2,male,24.0,2,0,31.5,S,Mr,0,3,False,True,False,False
32,,3,female,33.0,1,2,20.575,S,Mrs,0,4,False,True,False,False
33,,3,female,35.5,1,2,23.45,S,Mrs,0,4,False,True,False,False
34,,1,male,30.0,1,0,57.75,C,Mr,0,2,False,True,False,False
35,,3,male,18.5,0,0,7.2292,C,Mr,0,1,True,False,False,False
36,,3,female,22.0,0,0,8.05,S,Miss,0,1,True,False,False,False
37,,3,female,21.0,0,0,8.6625,S,Miss,0,1,True,False,False,False
38,,3,male,25.0,0,0,9.5,S,Mr,0,1,True,False,False,False
39,,3,male,30.0,0,0,56.4958,S,Mr,0,1,True,False,False,False
40,,3,male,39.0,0,1,13.4167,C,Mr,0,2,False,True,False,False
41,,1,male,30.0,0,0,26.55,S,Mr,0,1,True,False,False,False
42,,3,male,41.0,0,0,7.85,S,Mr,0,1,True,False,False,False
43,,2,female,30.0,0,0,13.0,S,Mrs,0,1,True,False,False,False
44,,1,female,45.0,1,0,52.5542,S,Mrs,0,2,False,True,False,False
45,,3,male,25.0,0,0,7.925,S,Mr,0,1,True,False,False,False
46,,1,male,45.0,0,0,29.7,C,Mr,0,1,True,False,False,False
47,,3,male,30.0,0,0,7.75,Q,Mr,0,1,True,False,False,False
48,,1,female,60.0,0,0,76.2917,C,Mrs,0,1,True,False,False,False
49,,3,female,36.0,0,2,15.9,S,Mrs,0,3,False,True,False,False
50,,1,male,24.0,1,0,60.0,S,Mr,0,2,False,True,False,False
51,,2,male,27.0,0,0,15.0333,C,Mr,0,1,True,False,False,False
52,,2,female,20.0,2,1,23.0,S,Miss,0,4,False,True,False,False
53,,1,female,28.0,3,2,263.0,S,Miss,0,6,False,False,True,False
54,,2,male,30.0,0,0,15.5792,C,Mr,0,1,True,False,False,False
55,,3,male,10.0,4,1,29.125,Q,Master,0,6,False,False,True,False
56,,3,male,35.0,0,0,7.8958,S,Mr,0,1,True,False,False,False
57,,3,male,25.0,0,0,7.65,S,Mr,0,1,True,False,False,False
58,,3,male,30.0,1,0,16.1,S,Mr,0,2,False,True,False,False
59,,1,female,36.0,0,0,262.375,C,Miss,0,1,True,False,False,False
60,,3,male,17.0,0,0,7.8958,S,Mr,0,1,True,False,False,False
61,,2,male,32.0,0,0,13.5,S,Mr,0,1,True,False,False,False
62,,3,male,18.0,0,0,7.75,S,Mr,0,1,True,False,False,False
63,,3,female,22.0,0,0,7.725,Q,Miss,0,1,True,False,False,False
64,,1,male,13.0,2,2,262.375,C,Master,0,5,False,False,True,False
65,,2,female,35.5,0,0,21.0,S,Mrs,0,1,True,False,False,False
66,,3,female,18.0,0,0,7.8792,Q,Miss,0,1,True,False,False,False
67,,1,male,47.0,0,0,42.4,S,Mr,0,1,True,False,False,False
68,,1,male,31.0,0,0,28.5375,C,Mr,0,1,True,False,False,False
69,,1,female,60.0,1,4,263.0,S,Mrs,0,6,False,False,True,False
70,,3,female,24.0,0,0,7.75,Q,Miss,0,1,True,False,False,False
71,,3,male,21.0,0,0,7.8958,S,Mr,0,1,True,False,False,False
72,,3,female,29.0,0,0,7.925,S,Miss,0,1,True,False,False,False
73,,1,male,28.5,0,0,27.7208,C,Mr,0,1,True,False,False,False
74,,1,female,35.0,0,0,211.5,C,Miss,0,1,True,False,False,False
75,,1,male,32.5,0,0,211.5,C,Mr,0,1,True,False,False,False
76,,3,male,30.0,0,0,8.05,S,Mr,0,1,True,False,False,False
77,,1,female,55.0,2,0,25.7,S,Mrs,0,3,False,True,False,False
78,,2,male,30.0,0,0,13.0,S,Mr,0,1,True,False,False,False
79,,3,female,24.0,0,0,7.75,Q,Miss,0,1,True,False,False,False
80,,3,male,6.0,1,1,15.2458,C,Master,0,3,False,True,False,False
81,,1,male,67.0,1,0,221.7792,S,Mr,0,2,False,True,False,False
82,,1,male,49.0,0,0,26.0,S,Mr,0,1,True,False,False,False
83,,3,male,30.0,0,0,7.8958,S,Mr,0,1,True,False,False,False
84,,2,male,30.0,0,0,10.7083,Q,Mr,0,1,True,False,False,False
85,,3,male,30.0,1,0,14.4542,C,Mr,0,2,False,True,False,False
86,,3,female,27.0,0,0,7.8792,Q,Miss,0,1,True,False,False,False
87,,3,female,18.0,0,0,8.05,S,Miss,0,1,True,False,False,False
88,,3,female,22.0,0,0,7.75,Q,Miss,0,1,True,False,False,False
89,,2,male,2.0,1,1,23.0,S,Master,0,3,False,True,False,False
90,,3,female,22.0,1,0,13.9,S,Mrs,0,2,False,True,False,False
91,,3,male,30.0,0,0,7.775,S,Mr,0,1,True,False,False,False
92,,1,female,27.0,1,2,52.0,S,Mrs,0,4,False,True,False,False
93,,3,male,30.0,0,0,8.05,S,Mr,0,1,True,False,False,False
94,,1,male,25.0,0,0,26.0,C,Mr,0,1,True,False,False,False
95,,3,male,25.0,0,0,7.7958,S,Mr,0,1,True,False,False,False
96,,1,female,76.0,1,0,78.85,S,Mrs,1,2,False,True,False,False
97,,3,male,29.0,0,0,7.925,S,Mr,0,1,True,False,False,False
98,,3,female,20.0,0,0,7.8542,S,Miss,0,1,True,False,False,False
99,,3,male,33.0,0,0,8.05,S,Mr,0,1,True,False,False,False
100,,1,female,43.0,1,0,55.4417,C,Mrs,0,2,False,True,False,False
101,,2,male,27.0,1,0,26.0,S,Mr,0,2,False,True,False,False
102,,3,male,30.0,0,0,7.75,Q,Mr,0,1,True,False,False,False
103,,3,male,26.0,0,0,7.775,S,Mr,0,1,True,False,False,False
104,,3,female,16.0,1,1,8.5167,C,Mrs,0,3,False,True,False,False
105,,3,male,28.0,0,0,22.525,S,Mr,0,1,True,False,False,False
106,,3,male,21.0,0,0,7.8208,Q,Mr,0,1,True,False,False,False
107,,3,male,30.0,0,0,7.75,Q,Mr,0,1,True,False,False,False
108,,3,male,30.0,0,0,8.7125,S,Mr,0,1,True,False,False,False
109,,2,male,18.5,0,0,13.0,S,Mr,0,1,True,False,False,False
110,,2,male,41.0,0,0,15.0458,C,Mr,0,1,True,False,False,False
111,,3,female,22.0,0,0,7.7792,Q,Miss,0,1,True,False,False,False
112,,1,female,36.0,0,0,31.6792,C,Miss,0,1,True,False,False,False
113,,3,female,18.5,0,0,7.2833,Q,Miss,0,1,True,False,False,False
114,,1,female,63.0,1,0,221.7792,S,Mrs,0,2,False,True,False,False
115,,3,male,18.0,1,0,14.4542,C,Mr,0,2,False,True,False,False
116,,3,male,30.0,0,0,6.4375,C,Mr,0,1,True,False,False,False
117,,3,female,1.0,1,1,16.7,S,Miss,0,3,False,True,False,False
118,,1,male,36.0,0,0,75.2417,C,Mr,0,1,True,False,False,False
119,,2,female,29.0,1,0,26.0,S,Mrs,0,2,False,True,False,False
120,,2,female,12.0,0,0,15.75,S,Miss,0,1,True,False,False,False
121,,3,male,30.0,1,0,7.75,Q,Mr,0,2,False,True,False,False
122,,1,female,35.0,1,0,57.75,C,Mrs,0,2,False,True,False,False
123,,3,male,28.0,0,0,7.25,S,Mr,0,1,True,False,False,False
124,,3,male,30.0,0,0,7.75,Q,Mr,0,1,True,False,False,False
125,,3,female,17.0,0,1,16.1,S,Miss,0,2,False,True,False,False
126,,3,male,22.0,0,0,7.7958,S,Mr,0,1,True,False,False,False
127,,3,female,22.0,2,0,23.25,Q,Miss,0,3,False,True,False,False
128,,2,male,42.0,0,0,13.0,S,Mr,0,1,True,False,False,False
129,,3,male,24.0,0,0,8.05,S,Mr,0,1,True,False,False,False
130,,3,male,32.0,0,0,8.05,S,Mr,0,1,True,False,False,False
131,,1,male,53.0,0,0,28.5,C,Mr,0,1,True,False,False,False
132,,3,female,35.5,0,4,25.4667,S,Mrs,0,5,False,False,True,False
133,,3,male,30.0,1,0,6.4375,C,Mr,0,2,False,True,False,False
134,,3,male,43.0,0,0,7.8958,S,Mr,0,1,True,False,False,False
135,,3,male,24.0,0,0,7.8542,S,Mr,0,1,True,False,False,False
136,,3,male,26.5,0,0,7.225,C,Mr,0,1,True,False,False,False
137,,2,male,26.0,0,0,13.0,S,Mr,0,1,True,False,False,False
138,,3,female,23.0,0,0,8.05,S,Miss,0,1,True,False,False,False
139,,3,male,40.0,1,6,46.9,S,Mr,0,8,False,False,False,True
140,,3,female,10.0,5,2,46.9,S,Miss,0,8,False,False,False,True
141,,1,female,33.0,0,0,151.55,S,Miss,0,1,True,False,False,False
142,,1,male,61.0,1,3,262.375,C,Mr,0,5,False,False,True,False
143,,2,male,28.0,0,0,26.0,S,Mr,0,1,True,False,False,False
144,,1,male,42.0,0,0,26.55,S,Mr,0,1,True,False,False,False
145,,3,male,31.0,3,0,18.0,S,Mr,0,4,False,True,False,False
146,,1,male,30.0,0,0,51.8625,S,Mr,0,1,True,False,False,False
147,,3,male,22.0,0,0,8.05,S,Mr,0,1,True,False,False,False
148,,1,male,30.0,0,0,26.55,S,Mr,0,1,True,False,False,False
149,,2,male,30.0,1,1,26.0,S,Mr,0,3,False,True,False,False
150,,1,female,23.0,0,1,83.1583,C,Mrs,0,2,False,True,False,False
151,,3,male,30.0,0,0,7.8958,C,Mr,0,1,True,False,False,False
152,,3,male,60.5,0,0,33.2954792813456,S,Mr,0,1,True,False,False,False
153,,3,female,36.0,0,2,12.1833,S,Mrs,0,3,False,True,False,False
154,,3,male,13.0,4,2,31.3875,S,Master,0,7,False,False,False,True
155,,3,male,24.0,0,0,7.55,S,Mr,0,1,True,False,False,False
156,,1,female,29.0,0,0,221.7792,S,Miss,0,1,True,False,False,False
157,,3,female,23.0,0,0,7.8542,S,Miss,0,1,True,False,False,False
158,,1,male,42.0,0,0,26.55,S,Mr,0,1,True,False,False,False
159,,3,female,26.0,0,2,13.775,S,Mrs,0,3,False,True,False,False
160,,3,female,22.0,0,0,7.7333,Q,Miss,0,1,True,False,False,False
161,,3,male,7.0,1,1,15.2458,C,Master,0,3,False,True,False,False
162,,2,female,26.0,0,0,13.5,S,Miss,0,1,True,False,False,False
163,,3,male,30.0,0,0,7.0,S,Mr,0,1,True,False,False,False
164,,2,male,41.0,0,0,13.0,S,Mr,0,1,True,False,False,False
165,,3,female,26.0,1,1,22.025,S,Mrs,0,3,False,True,False,False
166,,1,male,48.0,0,0,50.4958,C,Mr,0,1,True,False,False,False
167,,3,male,18.0,2,2,34.375,S,Mr,0,5,False,False,True,False
168,,1,female,35.5,0,0,27.7208,C,Mrs,0,1,True,False,False,False
169,,3,female,22.0,0,0,8.9625,S,Miss,0,1,True,False,False,False
170,,3,male,30.0,0,0,7.55,S,Mr,0,1,True,False,False,False
171,,3,male,27.0,0,0,7.225,C,Mr,0,1,True,False,False,False
172,,3,male,23.0,1,0,13.9,S,Mr,0,2,False,True,False,False
173,,3,male,30.0,0,0,7.2292,C,Mr,0,1,True,False,False,False
174,,3,male,40.0,1,5,31.3875,S,Mr,0,7,False,False,False,True
175,,2,female,15.0,0,2,39.0,S,Miss,0,3,False,True,False,False
176,,2,female,20.0,0,0,36.75,S,Miss,0,1,True,False,False,False
177,,1,male,54.0,1,0,55.4417,C,Mr,0,2,False,True,False,False
178,,2,female,36.0,0,3,39.0,S,Mrs,0,4,False,True,False,False
179,,1,female,64.0,0,2,83.1583,C,Mrs,0,3,False,True,False,False
180,,2,male,30.0,0,0,13.0,S,Mr,0,1,True,False,False,False
181,,1,male,37.0,1,1,83.1583,C,Mr,0,3,False,True,False,False
182,,1,female,18.0,1,0,53.1,S,Mrs,0,2,False,True,False,False
183,,3,male,30.0,0,0,7.75,Q,Mr,0,1,True,False,False,False
184,,1,female,27.0,1,1,247.5208,C,Mrs,0,3,False,True,False,False
185,,2,male,40.0,0,0,16.0,S,Mr,0,1,True,False,False,False
186,,2,female,21.0,0,1,21.0,S,Miss,0,2,False,True,False,False
187,,3,male,17.0,2,0,8.05,S,Mr,0,3,False,True,False,False
188,,3,female,22.0,8,2,69.55,S,Miss,0,11,False,False,False,True
189,,2,male,40.0,0,0,13.0,S,Mr,0,1,True,False,False,False
190,,2,male,34.0,1,0,26.0,S,Mr,0,2,False,True,False,False
191,,1,male,30.0,0,0,26.0,S,Mr,0,1,True,False,False,False
192,,3,male,11.5,1,1,14.5,S,Master,0,3,False,True,False,False
193,,2,male,61.0,0,0,12.35,Q,Mr,0,1,True,False,False,False
194,,2,male,8.0,0,2,32.5,S,Master,0,3,False,True,False,False
195,,3,male,33.0,0,0,7.8542,S,Mr,0,1,True,False,False,False
196,,1,male,6.0,0,2,134.5,C,Master,0,3,False,True,False,False
197,,3,female,18.0,0,0,7.775,S,Miss,0,1,True,False,False,False
198,,2,male,23.0,0,0,10.5,S,Mr,0,1,True,False,False,False
199,,3,female,35.5,0,0,8.1125,S,Mrs,0,1,True,False,False,False
200,,3,female,22.0,0,0,15.5,Q,Miss,0,1,True,False,False,False
201,,3,male,0.33,0,2,14.4,S,Master,0,3,False,True,False,False
202,,1,male,47.0,1,0,227.525,C,Mr,0,2,False,True,False,False
203,,2,female,8.0,1,1,26.0,S,Miss,0,3,False,True,False,False
204,,2,male,25.0,0,0,10.5,S,Mr,0,1,True,False,False,False
205,,1,male,30.0,0,0,25.7417,C,Mr,0,1,True,False,False,False
206,,3,female,35.0,0,0,7.75,Q,Miss,0,1,True,False,False,False
207,,2,male,24.0,0,0,10.5,S,Mr,0,1,True,False,False,False
208,,1,female,33.0,0,0,27.7208,C,Miss,0,1,True,False,False,False
209,,3,male,25.0,0,0,7.8958,S,Mr,0,1,True,False,False,False
210,,3,male,32.0,0,0,22.525,S,Mr,0,1,True,False,False,False
211,,3,male,30.0,0,0,7.05,S,Mr,0,1,True,False,False,False
212,,2,male,17.0,0,0,73.5,S,Mr,0,1,True,False,False,False
213,,2,female,60.0,1,0,26.0,S,Mrs,0,2,False,True,False,False
214,,3,female,38.0,4,2,7.775,S,Miss,0,7,False,False,False,True
215,,1,male,42.0,0,0,42.5,S,Mr,0,1,True,False,False,False
216,,3,female,22.0,0,0,7.8792,Q,Miss,0,1,True,False,False,False
217,,1,male,57.0,1,1,164.8667,S,Mr,0,3,False,True,False,False
218,,1,female,50.0,1,1,211.5,C,Mrs,0,3,False,True,False,False
219,,3,male,30.0,0,0,8.05,S,Mr,0,1,True,False,False,False
220,,2,female,30.0,1,0,13.8583,C,Miss,0,2,False,True,False,False
221,,3,male,21.0,0,0,8.05,S,Mr,0,1,True,False,False,False
222,,2,female,22.0,0,0,10.5,S,Mrs,0,1,True,False,False,False
223,,3,male,21.0,0,0,7.7958,S,Mr,0,1,True,False,False,False
224,,1,female,53.0,0,0,27.4458,C,Mrs,0,1,True,False,False,False
225,,3,female,35.5,0,2,15.2458,C,Mrs,0,3,False,True,False,False
226,,3,male,23.0,0,0,7.7958,S,Mr,0,1,True,False,False,False
227,,3,female,22.0,0,0,7.75,Q,Miss,0,1,True,False,False,False
228,,3,male,40.5,0,0,15.1,S,Mr,0,1,True,False,False,False
229,,2,male,36.0,0,0,13.0,S,Mr,0,1,True,False,False,False
230,,2,male,14.0,0,0,65.0,S,Mr,0,1,True,False,False,False
231,,1,female,21.0,0,0,26.55,S,Miss,0,1,True,False,False,False
232,,3,male,21.0,1,0,6.4958,S,Mr,0,2,False,True,False,False
233,,3,male,30.0,0,0,7.8792,Q,Mr,0,1,True,False,False,False
234,,1,male,39.0,1,0,71.2833,C,Mr,0,2,False,True,False,False
235,,3,male,20.0,0,0,7.8542,S,Mr,0,1,True,False,False,False
236,,1,male,64.0,1,0,75.25,C,Mr,0,2,False,True,False,False
237,,3,male,20.0,0,0,7.225,C,Mr,0,1,True,False,False,False
238,,2,female,18.0,1,1,13.0,S,Miss,0,3,False,True,False,False
239,,1,female,48.0,1,0,106.425,C,Mrs,0,2,False,True,False,False
240,,1,female,55.0,0,0,27.7208,C,Mrs,0,1,True,False,False,False
241,,2,female,45.0,0,2,30.0,S,Mrs,0,3,False,True,False,False
242,,1,male,45.0,1,1,134.5,C,Mr,0,3,False,True,False,False
243,,3,male,30.0,0,0,7.8875,S,Mr,0,1,True,False,False,False
244,,3,male,4.0,1,2,23.45,S,Master,0,4,False,True,False,False
245,,1,male,41.0,1,0,51.8625,S,Mr,0,2,False,True,False,False
246,,2,female,22.0,0,0,21.0,S,Mrs,0,1,True,False,False,False
247,,2,male,42.0,1,1,32.5,S,Mr,0,3,False,True,False,False
248,,2,female,29.0,1,0,26.0,S,Mrs,0,2,False,True,False,False
249,,3,female,35.5,1,0,14.4542,C,Mrs,0,2,False,True,False,False
250,,2,female,0.92,1,2,27.75,S,Miss,0,4,False,True,False,False
251,,3,male,20.0,0,0,7.925,S,Mr,0,1,True,False,False,False
252,,1,male,27.0,1,0,136.7792,C,Mr,0,2,False,True,False,False
253,,3,male,24.0,0,0,9.325,S,Mr,0,1,True,False,False,False
254,,3,male,32.5,0,0,9.5,S,Mr,0,1,True,False,False,False
255,,3,male,30.0,0,0,7.55,S,Mr,0,1,True,False,False,False
256,,3,male,30.0,0,0,7.75,Q,Mr,0,1,True,False,False,False
257,,3,male,28.0,0,0,8.05,S,Mr,0,1,True,False,False,False
258,,2,female,19.0,0,0,13.0,S,Miss,0,1,True,False,False,False
259,,3,male,21.0,0,0,7.775,S,Mr,0,1,True,False,False,False
260,,3,male,36.5,1,0,17.4,S,Mr,0,2,False,True,False,False
261,,3,male,21.0,0,0,7.8542,S,Mr,0,1,True,False,False,False
262,,2,female,29.0,0,2,23.0,S,Mrs,0,3,False,True,False,False
263,,3,female,1.0,1,1,12.1833,S,Miss,0,3,False,True,False,False
264,,2,male,30.0,0,0,12.7375,C,Mr,0,1,True,False,False,False
265,,3,male,30.0,0,0,7.8958,S,Mr,0,1,True,False,False,False
266,,1,male,30.0,0,0,0.0,S,Mr,0,1,True,False,False,False
267,,3,male,30.0,0,0,7.55,S,Mr,0,1,True,False,False,False
268,,3,female,22.0,0,0,8.05,S,Miss,0,1,True,False,False,False
269,,3,male,17.0,0,0,8.6625,S,Mr,0,1,True,False,False,False
270,,1,male,46.0,0,0,75.2417,C,Mr,0,1,True,False,False,False
271,,3,male,30.0,0,0,7.75,Q,Mr,0,1,True,False,False,False
272,,1,female,26.0,1,0,136.7792,C,Mrs,0,2,False,True,False,False
273,,3,female,22.0,1,0,15.5,Q,Miss,0,2,False,True,False,False
274,,3,male,30.0,0,0,7.225,C,Mr,0,1,True,False,False,False
275,,2,female,20.0,1,0,26.0,S,Miss,0,2,False,True,False,False
276,,2,male,28.0,0,0,10.5,S,Mr,0,1,True,False,False,False
277,,2,male,40.0,1,0,26.0,S,Mr,0,2,False,True,False,False
278,,2,male,30.0,1,0,21.0,S,Mr,0,2,False,True,False,False
279,,2,male,22.0,0,0,10.5,S,Mr,0,1,True,False,False,False
280,,3,female,23.0,0,0,8.6625,S,Miss,0,1,True,False,False,False
281,,3,male,0.75,1,1,13.775,S,Master,0,3,False,True,False,False
282,,3,female,22.0,0,0,7.75,Q,Miss,0,1,True,False,False,False
283,,3,female,9.0,1,1,15.2458,C,Miss,0,3,False,True,False,False
284,,3,female,2.0,1,1,20.2125,S,Miss,0,3,False,True,False,False
285,,3,male,36.0,0,0,7.25,S,Mr,0,1,True,False,False,False
286,,3,male,30.0,0,0,7.25,S,Mr,0,1,True,False,False,False
287,,1,male,24.0,1,0,82.2667,S,Mr,0,2,False,True,False,False
288,,3,male,30.0,0,0,7.2292,C,Mr,0,1,True,False,False,False
289,,3,male,30.0,0,0,8.05,S,Mr,0,1,True,False,False,False
290,,1,male,30.0,0,0,39.6,S,Mr,0,1,True,False,False,False
291,,3,female,30.0,0,0,6.95,Q,Miss,0,1,True,False,False,False
292,,3,male,30.0,0,0,7.2292,C,Mr,0,1,True,False,False,False
293,,1,male,53.0,1,1,81.8583,S,Mr,0,3,False,True,False,False
294,,3,male,36.0,0,0,9.5,S,Mr,0,1,True,False,False,False
295,,3,male,26.0,0,0,7.8958,S,Mr,0,1,True,False,False,False
296,,2,female,1.0,1,2,41.5792,C,Miss,0,4,False,True,False,False
297,,3,male,30.0,2,0,21.6792,C,Mr,0,3,False,True,False,False
298,,1,male,30.0,0,0,45.5,S,Mr,0,1,True,False,False,False
299,,3,male,29.0,0,0,7.8542,S,Mr,0,1,True,False,False,False
300,,3,male,32.0,0,0,7.775,S,Mr,0,1,True,False,False,False
301,,2,male,30.0,0,0,15.0458,C,Mr,0,1,True,False,False,False
302,,2,male,43.0,0,1,21.0,S,Mr,0,2,False,True,False,False
303,,3,male,24.0,0,0,8.6625,S,Mr,0,1,True,False,False,False
304,,3,female,22.0,0,0,7.75,Q,Miss,0,1,True,False,False,False
305,,1,female,64.0,1,1,26.55,S,Mrs,0,3,False,True,False,False
306,,1,male,30.0,1,2,151.55,S,Mr,0,4,False,True,False,False
307,,3,male,0.83,0,1,9.35,S,Master,0,2,False,True,False,False
308,,1,male,55.0,1,1,93.5,S,Mr,0,3,False,True,False,False
309,,3,female,45.0,1,0,14.1083,S,Mrs,0,2,False,True,False,False
310,,3,male,18.0,0,0,8.6625,S,Mr,0,1,True,False,False,False
311,,3,male,22.0,0,0,7.225,C,Mr,0,1,True,False,False,False
312,,3,male,30.0,0,0,7.575,S,Mr,0,1,True,False,False,False
313,,3,female,37.0,0,0,7.75,Q,Miss,0,1,True,False,False,False
314,,1,female,55.0,0,0,135.6333,C,Mrs,0,1,True,False,False,False
315,,3,female,17.0,0,0,7.7333,Q,Miss,0,1,True,False,False,False
316,,1,male,57.0,1,0,146.5208,C,Mr,0,2,False,True,False,False
317,,2,male,19.0,0,0,10.5,S,Mr,0,1,True,False,False,False
318,,3,male,27.0,0,0,7.8542,S,Mr,0,1,True,False,False,False
319,,2,male,22.0,2,0,31.5,S,Mr,0,3,False,True,False,False
320,,3,male,26.0,0,0,7.775,S,Mr,0,1,True,False,False,False
321,,3,male,25.0,0,0,7.2292,C,Mr,0,1,True,False,False,False
322,,2,male,26.0,0,0,13.0,S,Mr,0,1,True,False,False,False
323,,1,male,33.0,0,0,26.55,S,Mr,0,1,True,False,False,False
324,,1,female,39.0,0,0,211.3375,S,Miss,0,1,True,False,False,False
325,,3,male,23.0,0,0,7.05,S,Mr,0,1,True,False,False,False
326,,2,female,12.0,2,1,39.0,S,Miss,0,4,False,True,False,False
327,,1,male,46.0,0,0,79.2,C,Mr,0,1,True,False,False,False
328,,2,male,29.0,1,0,26.0,S,Mr,0,2,False,True,False,False
329,,2,male,21.0,0,0,13.0,S,Mr,0,1,True,False,False,False
330,,2,female,48.0,0,2,36.75,S,Mrs,0,3,False,True,False,False
331,,1,male,39.0,0,0,29.7,C,Mr,0,1,True,False,False,False
332,,3,male,30.0,0,0,7.225,C,Mr,0,1,True,False,False,False
333,,3,female,19.0,1,1,15.7417,C,Mrs,0,3,False,True,False,False
334,,3,male,27.0,0,0,7.8958,S,Mr,0,1,True,False,False,False
335,,1,male,30.0,0,0,26.0,S,Mr,0,1,True,False,False,False
336,,2,male,32.0,0,0,13.0,S,Mr,0,1,True,False,False,False
337,,3,male,39.0,0,2,7.2292,C,Mr,0,3,False,True,False,False
338,,2,male,25.0,0,0,31.5,S,Mr,0,1,True,False,False,False
339,,3,male,4.0,0,0,7.2292,C,Master,0,1,True,False,False,False
340,,2,male,18.0,0,0,10.5,S,Mr,0,1,True,False,False,False
341,,3,male,32.0,0,0,7.5792,S,Mr,0,1,True,False,False,False
342,,3,male,30.0,1,9,69.55,S,Mr,0,11,False,False,False,True
343,,1,female,58.0,0,1,512.3292,C,Mrs,0,2,False,True,False,False
344,,3,male,4.0,1,1,14.5,S,Master,0,3,False,True,False,False
345,,3,female,16.0,0,0,7.65,S,Miss,0,1,True,False,False,False
346,,2,male,26.0,0,0,13.0,S,Mr,0,1,True,False,False,False
347,,3,female,38.0,0,0,7.2292,C,Mrs,0,1,True,False,False,False
348,,2,male,24.0,0,0,13.5,S,Mr,0,1,True,False,False,False
349,,2,female,31.0,0,0,21.0,S,Miss,0,1,True,False,False,False
350,,1,female,45.0,0,1,63.3583,C,Mrs,0,2,False,True,False,False
351,,2,male,25.0,0,0,10.5,S,Mr,0,1,True,False,False,False
352,,2,male,18.0,0,0,73.5,S,Mr,0,1,True,False,False,False
353,,2,male,49.0,1,2,65.0,S,Mr,0,4,False,True,False,False
354,,3,female,0.17,1,2,20.575,S,Miss,0,4,False,True,False,False
355,,1,male,50.0,0,0,26.0,S,Mr,0,1,True,False,False,False
356,,1,female,59.0,2,0,51.4792,S,Mrs,0,3,False,True,False,False
357,,3,male,30.0,0,0,7.8792,S,Mr,0,1,True,False,False,False
358,,3,male,30.0,0,0,7.75,Q,Mr,0,1,True,False,False,False
359,,3,female,30.0,1,0,15.55,S,Mrs,0,2,False,True,False,False
360,,3,male,14.5,8,2,69.55,S,Master,0,11,False,False,False,True
361,,2,female,24.0,1,1,37.0042,C,Mrs,0,3,False,True,False,False
362,,2,female,31.0,0,0,21.0,S,Mrs,0,1,True,False,False,False
363,,3,male,27.0,0,0,8.6625,S,Mr,0,1,True,False,False,False
364,,1,female,25.0,1,0,55.4417,C,Mrs,0,2,False,True,False,False
365,,3,female,35.5,1,9,69.55,S,Mrs,0,11,False,False,False,True
366,,3,male,30.0,1,0,14.4583,C,Mr,0,2,False,True,False,False
367,,3,female,22.0,0,0,39.6875,S,Miss,0,1,True,False,False,False
368,,1,female,45.0,0,1,59.4,C,Mrs,0,2,False,True,False,False
369,,2,male,29.0,0,0,13.8583,C,Mr,0,1,True,False,False,False
370,,2,male,21.0,1,0,11.5,S,Mr,0,2,False,True,False,False
371,,1,female,31.0,0,0,134.5,C,Miss,0,1,True,False,False,False
372,,1,male,49.0,0,0,0.0,S,Mr,0,1,True,False,False,False
373,,2,male,44.0,0,0,13.0,S,Mr,0,1,True,False,False,False
374,,1,female,54.0,1,1,81.8583,S,Mrs,0,3,False,True,False,False
375,,1,female,45.0,0,0,262.375,C,Miss,0,1,True,False,False,False
376,,3,female,22.0,2,0,8.6625,S,Miss,0,3,False,True,False,False
377,,2,male,21.0,0,0,11.5,S,Mr,0,1,True,False,False,False
378,,1,male,55.0,0,0,50.0,S,Mr,0,1,True,False,False,False
379,,3,male,5.0,4,2,31.3875,S,Master,0,7,False,False,False,True
380,,3,male,30.0,0,0,7.75,Q,Mr,0,1,True,False,False,False
381,,3,male,26.0,0,0,7.8792,Q,Mr,0,1,True,False,False,False
382,,3,female,35.5,0,0,14.5,S,Mrs,0,1,True,False,False,False
383,,3,female,19.0,1,0,16.1,S,Mrs,0,2,False,True,False,False
384,,2,male,30.0,0,0,12.875,S,Mr,0,1,True,False,False,False
385,,2,female,24.0,1,2,65.0,S,Miss,0,4,False,True,False,False
386,,3,male,24.0,0,0,7.775,S,Mr,0,1,True,False,False,False
387,,2,male,57.0,0,0,13.0,S,Mr,0,1,True,False,False,False
388,,3,male,21.0,0,0,7.75,Q,Mr,0,1,True,False,False,False
389,,3,male,6.0,3,1,21.075,S,Master,0,5,False,False,True,False
390,,1,male,23.0,0,0,93.5,S,Mr,0,1,True,False,False,False
391,,1,female,51.0,0,1,39.4,S,Mrs,0,2,False,True,False,False
392,,3,male,13.0,0,2,20.25,S,Master,0,3,False,True,False,False
393,,2,male,47.0,0,0,10.5,S,Mr,0,1,True,False,False,False
394,,3,male,29.0,3,1,22.025,S,Mr,0,5,False,False,True,False
395,,1,female,18.0,1,0,60.0,S,Mrs,0,2,False,True,False,False
396,,3,male,24.0,0,0,7.25,Q,Mr,0,1,True,False,False,False
397,,1,female,48.0,1,1,79.2,C,Mrs,0,3,False,True,False,False
398,,3,male,22.0,0,0,7.775,S,Mr,0,1,True,False,False,False
399,,3,male,31.0,0,0,7.7333,Q,Mr,0,1,True,False,False,False
400,,1,female,30.0,0,0,164.8667,S,Miss,0,1,True,False,False,False
401,,2,male,38.0,1,0,21.0,S,Mr,0,2,False,True,False,False
402,,1,female,22.0,0,1,59.4,C,Miss,0,2,False,True,False,False
403,,1,male,17.0,0,0,47.1,S,Mr,0,1,True,False,False,False
404,,1,male,43.0,1,0,27.7208,C,Mr,0,2,False,True,False,False
405,,2,male,20.0,0,0,13.8625,C,Mr,0,1,True,False,False,False
406,,2,male,23.0,1,0,10.5,S,Mr,0,2,False,True,False,False
407,,1,male,50.0,1,1,211.5,C,Mr,0,3,False,True,False,False
408,,3,female,22.0,0,0,7.7208,Q,Miss,0,1,True,False,False,False
409,,3,female,3.0,1,1,13.775,S,Miss,0,3,False,True,False,False
410,,3,female,22.0,0,0,7.75,Q,Miss,0,1,True,False,False,False
411,,1,female,37.0,1,0,90.0,Q,Mrs,0,2,False,True,False,False
412,,3,female,28.0,0,0,7.775,S,Miss,0,1,True,False,False,False
413,,3,male,30.0,0,0,8.05,S,Mr,0,1,True,False,False,False
414,,1,female,39.0,0,0,108.9,C,Mrs,0,1,True,False,False,False
415,,3,male,38.5,0,0,7.25,S,Mr,0,1,True,False,False,False
416,,3,male,30.0,0,0,8.05,S,Mr,0,1,True,False,False,False
417,,3,male,4.0,1,1,22.3583,C,Master,0,3,False,True,False,False
